"Id","IsDeleted","Name","CurrencyIsoCode","CreatedDate","CreatedById","LastModifiedDate","LastModifiedById","SystemModstamp","FromEntityAssetType","FromDataAssetIdOrName","FromDataAssetFieldIdOrName","ToEntityAssetType","ToEntityIdOrName","ToEntityFieldIdOrName","EdgeType","EdgeInfoVersion","Weight1Name","Weight1Value","Weight2Name","Weight2Value","Info1Name","Info1Value","Info2Name","Info2Value"
"0m38a000008qvkUAAQ","0","DataAssetSemanticGraphEdge","MXN","2023-02-11 17:44:38","0058a00000L2IR7AAN","2023-02-11 17:44:38","0058a00000L2IR7AAN","2023-02-11 17:44:38","dataset-field","0Fb8a0000015JDm","Email","sobject-field","User","Email","DatasetFieldToSObjectFieldReference","2","","","XMD","","Dataset Field Label","Email","",""
"0m38a000008qvkVAAQ","0","DataAssetSemanticGraphEdge","MXN","2023-02-11 17:44:38","0058a00000L2IR7AAN","2023-02-11 17:44:38","0058a00000L2IR7AAN","2023-02-11 17:44:38","dataset-field","0Fb8a0000015JDm","UserType","sobject-field","User","UserType","DatasetFieldToSObjectFieldReference","2","","","XMD","","Dataset Field Label","Tipo de usuario","",""
"0m38a000008qvkWAAQ","0","DataAssetSemanticGraphEdge","MXN","2023-02-11 17:44:38","0058a00000L2IR7AAN","2023-02-11 17:44:38","0058a00000L2IR7AAN","2023-02-11 17:44:38","dataset-field","0Fb8a0000015JDm","SmallPhotoUrl","sobject-field","User","SmallPhotoUrl","DatasetFieldToSObjectFieldReference","2","","","XMD","","Dataset Field Label","Foto","",""
"0m38a000008qvkXAAQ","0","DataAssetSemanticGraphEdge","MXN","2023-02-11 17:44:38","0058a00000L2IR7AAN","2023-02-11 17:44:38","0058a00000L2IR7AAN","2023-02-11 17:44:38","dataset-field","0Fb8a0000015JDm","Name","sobject-field","User","Name","DatasetFieldToSObjectFieldReference","2","","","XMD","","Dataset Field Label","Nombre completo","",""
"0m38a000008qvkYAAQ","0","DataAssetSemanticGraphEdge","MXN","2023-02-11 17:44:38","0058a00000L2IR7AAN","2023-02-11 17:44:38","0058a00000L2IR7AAN","2023-02-11 17:44:38","dataset-field","0Fb8a0000015JDm","Id","sobject-field","User","Id","DatasetFieldToSObjectFieldReference","2","","","XMD","","Dataset Field Label","Id. de usuario","",""
"0m38a000008qvkZAAQ","0","DataAssetSemanticGraphEdge","MXN","2023-02-11 17:44:38","0058a00000L2IR7AAN","2023-02-11 17:44:38","0058a00000L2IR7AAN","2023-02-11 17:44:38","dataset-field","0Fb8a0000015JDm","","sobject-field","User","","DatasetFieldToSObjectFieldReference","2","","","XMD","","Dataset Field Label","","",""
"0m38a000008qvkaAAA","0","DataAssetSemanticGraphEdge","MXN","2023-02-11 17:44:38","0058a00000L2IR7AAN","2023-02-11 17:44:38","0058a00000L2IR7AAN","2023-02-11 17:44:38","dataset-field","0Fb8a0000015JDm","UserRoleId","sobject-field","User","UserRole","DatasetFieldToSObjectFieldReference","2","","","XMD","","Dataset Field Label","Id. de función","",""
"0m38a000008qvkbAAA","0","DataAssetSemanticGraphEdge","MXN","2023-02-11 17:44:48","0058a00000L2IR7AAN","2023-02-11 17:44:48","0058a00000L2IR7AAN","2023-02-11 17:44:48","lens","0FK8a000000Rrbl","","dataset-field","UsersWithRoles","SmallPhotoUrl","LensToDatasetFieldReference","3","","","","","0Fb8a0000015JDm","Users","0KV8a000036rc3l","Foto"
"0m38a000008qvkcAAA","0","DataAssetSemanticGraphEdge","MXN","2023-02-11 17:44:48","0058a00000L2IR7AAN","2023-02-11 17:44:48","0058a00000L2IR7AAN","2023-02-11 17:44:48","lens","0FK8a000000Rrbl","","dataset-field","UsersWithRoles","","LensToDatasetFieldReference","3","","","","","0Fb8a0000015JDm","Users","",""
"0m38a000008qvkdAAA","0","DataAssetSemanticGraphEdge","MXN","2023-02-11 17:44:48","0058a00000L2IR7AAN","2023-02-11 17:44:48","0058a00000L2IR7AAN","2023-02-11 17:44:48","lens","0FK8a000000Rrbl","","dataset-field","UsersWithRoles","Name","LensToDatasetFieldReference","3","","","","","0Fb8a0000015JDm","Users","0KV8a000036rc3s","Nombre completo"
"0m38a000008qvkeAAA","0","DataAssetSemanticGraphEdge","MXN","2023-02-11 17:44:48","0058a00000L2IR7AAN","2023-02-11 17:44:48","0058a00000L2IR7AAN","2023-02-11 17:44:48","lens","0FK8a000000Rrbl","","dataset-field","Activities","","LensToDatasetFieldReference","3","","","","","0Fb8a0000015JDl","Activities","",""
"0m38a000008qvkfAAA","0","DataAssetSemanticGraphEdge","MXN","2023-02-11 17:44:48","0058a00000L2IR7AAN","2023-02-11 17:44:48","0058a00000L2IR7AAN","2023-02-11 17:44:48","lens","0FK8a000000Rrbl","","dataset-field","Activities","Users.Person.Person_Name","LensToDatasetFieldReference","3","","","","","0Fb8a0000015JDl","Activities","0KV8a000036rc5j","User"
"0m38a000008qvkgAAA","0","DataAssetSemanticGraphEdge","MXN","2023-02-11 17:44:49","0058a00000L2IR7AAN","2023-02-11 17:44:49","0058a00000L2IR7AAN","2023-02-11 17:44:49","lens","0FK8a000000Rrbm","","dataset-field","Activities","RelatedOpportunities.Related_Name","LensToDatasetFieldReference","3","","","","","0Fb8a0000015JDl","Activities","0KV8a000036rc5f","Opportunity Name"
"0m38a000008qvkhAAA","0","DataAssetSemanticGraphEdge","MXN","2023-02-11 17:44:49","0058a00000L2IR7AAN","2023-02-11 17:44:49","0058a00000L2IR7AAN","2023-02-11 17:44:49","lens","0FK8a000000Rrbm","","dataset-field","UsersWithRoles","","LensToDatasetFieldReference","3","","","","","0Fb8a0000015JDm","Users","",""
"0m38a000008qvkiAAA","0","DataAssetSemanticGraphEdge","MXN","2023-02-11 17:44:49","0058a00000L2IR7AAN","2023-02-11 17:44:49","0058a00000L2IR7AAN","2023-02-11 17:44:49","lens","0FK8a000000Rrbm","","dataset-field","Activities","","LensToDatasetFieldReference","3","","","","","0Fb8a0000015JDl","Activities","",""
"0m38a000008qvkjAAA","0","DataAssetSemanticGraphEdge","MXN","2023-02-11 17:44:49","0058a00000L2IR7AAN","2023-02-11 17:44:49","0058a00000L2IR7AAN","2023-02-11 17:44:49","lens","0FK8a000000Rrbm","","dataset-field","Activities","Activity_Type","LensToDatasetFieldReference","3","","","","","0Fb8a0000015JDl","Activities","0KV8a000036rc5X","Activity Type"
"0m38a000008qvkkAAA","0","DataAssetSemanticGraphEdge","MXN","2023-02-11 17:44:49","0058a00000L2IR7AAN","2023-02-11 17:44:49","0058a00000L2IR7AAN","2023-02-11 17:44:49","lens","0FK8a000000Rrbm","","dataset-field","Activities","Users.Person.Person_Name","LensToDatasetFieldReference","3","","","","","0Fb8a0000015JDl","Activities","0KV8a000036rc5j","User"
"0m38a000008qvklAAA","0","DataAssetSemanticGraphEdge","MXN","2023-02-11 17:44:49","0058a00000L2IR7AAN","2023-02-11 17:44:49","0058a00000L2IR7AAN","2023-02-11 17:44:49","lens","0FK8a000000Rrbm","","dataset-field","Activities","Related.Related.Related_Type","LensToDatasetFieldReference","3","","","","","0Fb8a0000015JDl","Activities","0KV8a000036rc5k","Related Type"
"0m38a000008qvkmAAA","0","DataAssetSemanticGraphEdge","MXN","2023-02-11 17:44:49","0058a00000L2IR7AAN","2023-02-11 17:44:49","0058a00000L2IR7AAN","2023-02-11 17:44:49","lens","0FK8a000000Rrbm","","dataset-field","Activities","Accounts.Account.Name","LensToDatasetFieldReference","3","","","","","0Fb8a0000015JDl","Activities","0KV8a000036rc5T","Account Name"
"0m38a000008qvknAAA","0","DataAssetSemanticGraphEdge","MXN","2023-02-11 17:44:49","0058a00000L2IR7AAN","2023-02-11 17:44:49","0058a00000L2IR7AAN","2023-02-11 17:44:49","lens","0FK8a000000Rrbm","","dataset-field","UsersWithRoles","Name","LensToDatasetFieldReference","3","","","","","0Fb8a0000015JDm","Users","0KV8a000036rc3s","Nombre completo"
"0m38a000008qvkoAAA","0","DataAssetSemanticGraphEdge","MXN","2023-02-11 17:44:49","0058a00000L2IR7AAN","2023-02-11 17:44:49","0058a00000L2IR7AAN","2023-02-11 17:44:49","lens","0FK8a000000Rrbm","","dataset-field","UsersWithRoles","SmallPhotoUrl","LensToDatasetFieldReference","3","","","","","0Fb8a0000015JDm","Users","0KV8a000036rc3l","Foto"
"0m38a000008qvlDAAQ","0","DataAssetSemanticGraphEdge","MXN","2023-02-11 18:20:34","0058a00000L2IR7AAN","2023-02-11 18:20:34","0058a00000L2IR7AAN","2023-02-11 18:20:34","dataset-field","0Fb8a0000015JEF","Id","sobject-field","Period","Id","DatasetFieldToSObjectFieldReference","2","","","XMD","","Dataset Field Label","Id. del período","",""
"0m38a000008qvlEAAQ","0","DataAssetSemanticGraphEdge","MXN","2023-02-11 18:20:34","0058a00000L2IR7AAN","2023-02-11 18:20:34","0058a00000L2IR7AAN","2023-02-11 18:20:34","dataset-field","0Fb8a0000015JEF","FullyQualifiedLabel","sobject-field","Period","FullyQualifiedLabel","DatasetFieldToSObjectFieldReference","2","","","XMD","","Dataset Field Label","Etiqueta completamente cualificada","",""
"0m38a000008qvlFAAQ","0","DataAssetSemanticGraphEdge","MXN","2023-02-11 18:20:34","0058a00000L2IR7AAN","2023-02-11 18:20:34","0058a00000L2IR7AAN","2023-02-11 18:20:34","dataset-field","0Fb8a0000015JEF","","sobject-field","Period","","DatasetFieldToSObjectFieldReference","2","","","XMD","","Dataset Field Label","","",""
"0m38a000008qvlGAAQ","0","DataAssetSemanticGraphEdge","MXN","2023-02-11 18:20:34","0058a00000L2IR7AAN","2023-02-11 18:20:34","0058a00000L2IR7AAN","2023-02-11 18:20:34","dataset-field","0Fb8a0000015JEF","Fecha de finalización","sobject-field","Period","EndDate","DatasetFieldToSObjectFieldReference","2","","","XMD","","Dataset Field Label","Fecha de finalización","",""
"0m38a000008qvlHAAQ","0","DataAssetSemanticGraphEdge","MXN","2023-02-11 18:20:34","0058a00000L2IR7AAN","2023-02-11 18:20:34","0058a00000L2IR7AAN","2023-02-11 18:20:34","dataset-field","0Fb8a0000015JEF","Type","sobject-field","Period","Type","DatasetFieldToSObjectFieldReference","2","","","XMD","","Dataset Field Label","Tipo","",""
"0m38a000008qvlIAAQ","0","DataAssetSemanticGraphEdge","MXN","2023-02-11 18:20:34","0058a00000L2IR7AAN","2023-02-11 18:20:34","0058a00000L2IR7AAN","2023-02-11 18:20:34","dataset-field","0Fb8a0000015JEF","Fecha de inicio","sobject-field","Period","StartDate","DatasetFieldToSObjectFieldReference","2","","","XMD","","Dataset Field Label","Fecha de inicio","",""
"0m38a000008qvlJAAQ","0","DataAssetSemanticGraphEdge","MXN","2023-02-11 18:20:34","0058a00000L2IR7AAN","2023-02-11 18:20:34","0058a00000L2IR7AAN","2023-02-11 18:20:34","dataset-field","0Fb8a0000015JEG","DefaultCurrencyIsoCode","sobject-field","User","DefaultCurrencyIsoCode","DatasetFieldToSObjectFieldReference","2","","","XMD","","Dataset Field Label","Código ISO de divisa predeterminada","",""
"0m38a000008qvlKAAQ","0","DataAssetSemanticGraphEdge","MXN","2023-02-11 18:20:34","0058a00000L2IR7AAN","2023-02-11 18:20:34","0058a00000L2IR7AAN","2023-02-11 18:20:34","dataset-field","0Fb8a0000015JEG","FullPhotoUrl","sobject-field","User","FullPhotoUrl","DatasetFieldToSObjectFieldReference","2","","","XMD","","Dataset Field Label","URL de fotografía en tamaño completo","",""
"0m38a000008qvlLAAQ","0","DataAssetSemanticGraphEdge","MXN","2023-02-11 18:20:34","0058a00000L2IR7AAN","2023-02-11 18:20:34","0058a00000L2IR7AAN","2023-02-11 18:20:34","dataset-field","0Fb8a0000015JEG","ForecastEnabled","sobject-field","User","ForecastEnabled","DatasetFieldToSObjectFieldReference","2","","","XMD","","Dataset Field Label","Permitir realización de pronósticos","",""
"0m38a000008qvlMAAQ","0","DataAssetSemanticGraphEdge","MXN","2023-02-11 18:20:34","0058a00000L2IR7AAN","2023-02-11 18:20:34","0058a00000L2IR7AAN","2023-02-11 18:20:34","dataset-field","0Fb8a0000015JEG","SmallPhotoUrl","sobject-field","User","SmallPhotoUrl","DatasetFieldToSObjectFieldReference","2","","","XMD","","Dataset Field Label","Foto","",""
"0m38a000008qvlNAAQ","0","DataAssetSemanticGraphEdge","MXN","2023-02-11 18:20:34","0058a00000L2IR7AAN","2023-02-11 18:20:34","0058a00000L2IR7AAN","2023-02-11 18:20:34","dataset-field","0Fb8a0000015JEG","","sobject-field","User","","DatasetFieldToSObjectFieldReference","2","","","XMD","","Dataset Field Label","","",""
"0m38a000008qvlOAAQ","0","DataAssetSemanticGraphEdge","MXN","2023-02-11 18:20:34","0058a00000L2IR7AAN","2023-02-11 18:20:34","0058a00000L2IR7AAN","2023-02-11 18:20:34","dataset-field","0Fb8a0000015JEG","Username","sobject-field","User","Username","DatasetFieldToSObjectFieldReference","2","","","XMD","","Dataset Field Label","Nombre de usuario","",""
"0m38a000008qvlPAAQ","0","DataAssetSemanticGraphEdge","MXN","2023-02-11 18:20:34","0058a00000L2IR7AAN","2023-02-11 18:20:34","0058a00000L2IR7AAN","2023-02-11 18:20:34","dataset-field","0Fb8a0000015JEG","Name","sobject-field","User","Name","DatasetFieldToSObjectFieldReference","2","","","XMD","","Dataset Field Label","Nombre completo","",""
"0m38a000008qvlQAAQ","0","DataAssetSemanticGraphEdge","MXN","2023-02-11 18:20:34","0058a00000L2IR7AAN","2023-02-11 18:20:34","0058a00000L2IR7AAN","2023-02-11 18:20:34","dataset-field","0Fb8a0000015JEG","UserRoleId","sobject-field","User","UserRole","DatasetFieldToSObjectFieldReference","2","","","XMD","","Dataset Field Label","Id. de función","",""
"0m38a000008qvlRAAQ","0","DataAssetSemanticGraphEdge","MXN","2023-02-11 18:20:34","0058a00000L2IR7AAN","2023-02-11 18:20:34","0058a00000L2IR7AAN","2023-02-11 18:20:34","dataset-field","0Fb8a0000015JEG","Id","sobject-field","User","Id","DatasetFieldToSObjectFieldReference","2","","","XMD","","Dataset Field Label","Id. de usuario","",""
"0m38a000008qvlVAAQ","0","DataAssetSemanticGraphEdge","MXN","2023-02-11 18:20:45","0058a00000L2IR7AAN","2023-02-11 18:20:45","0058a00000L2IR7AAN","2023-02-11 18:20:45","lens","0FK8a000000Rrbq","","dataset-field","Period","","LensToDatasetFieldReference","3","","","","","0Fb8a0000015JEF","Period","",""
"0m38a000008qvlbAAA","0","DataAssetSemanticGraphEdge","MXN","2023-02-11 18:20:45","0058a00000L2IR7AAN","2023-02-11 18:20:45","0058a00000L2IR7AAN","2023-02-11 18:20:45","lens","0FK8a000000Rrbq","","dataset-field","ForecastingData","","LensToDatasetFieldReference","3","","","","","0Fb8a0000015JEH","ForecastingData","",""
"0m38a000008qvlcAAA","0","DataAssetSemanticGraphEdge","MXN","2023-02-11 18:20:45","0058a00000L2IR7AAN","2023-02-11 18:20:45","0058a00000L2IR7AAN","2023-02-11 18:20:45","lens","0FK8a000000Rrbq","","dataset-field","User","","LensToDatasetFieldReference","3","","","","","0Fb8a0000015JEG","User","",""
"0m38a000008qvldAAA","0","DataAssetSemanticGraphEdge","MXN","2023-02-11 18:20:45","0058a00000L2IR7AAN","2023-02-11 18:20:45","0058a00000L2IR7AAN","2023-02-11 18:20:45","lens","0FK8a000000Rrbq","","dataset-field","CurrencyType","","LensToDatasetFieldReference","3","","","","","0Fb8a0000015JEI","CurrencyType","",""
"0m38a000008qvluAAA","0","DataAssetSemanticGraphEdge","MXN","2023-02-11 18:20:46","0058a00000L2IR7AAN","2023-02-11 18:20:46","0058a00000L2IR7AAN","2023-02-11 18:20:46","lens","0FK8a000000Rrbr","","dataset-field","ForecastingData","","LensToDatasetFieldReference","3","","","","","0Fb8a0000015JEH","ForecastingData","",""
"0m38a000008qvlvAAA","0","DataAssetSemanticGraphEdge","MXN","2023-02-11 18:20:46","0058a00000L2IR7AAN","2023-02-11 18:20:46","0058a00000L2IR7AAN","2023-02-11 18:20:46","lens","0FK8a000000Rrbr","","dataset-field","CurrencyType","","LensToDatasetFieldReference","3","","","","","0Fb8a0000015JEI","CurrencyType","",""
"0m38a000008qvlzAAA","0","DataAssetSemanticGraphEdge","MXN","2023-02-11 18:20:46","0058a00000L2IR7AAN","2023-02-11 18:20:46","0058a00000L2IR7AAN","2023-02-11 18:20:46","lens","0FK8a000000Rrbr","","dataset-field","Period","","LensToDatasetFieldReference","3","","","","","0Fb8a0000015JEF","Period","",""
"0m38a000008qvm4AAA","0","DataAssetSemanticGraphEdge","MXN","2023-02-11 18:20:46","0058a00000L2IR7AAN","2023-02-11 18:20:46","0058a00000L2IR7AAN","2023-02-11 18:20:46","lens","0FK8a000000Rrbr","","dataset-field","User","","LensToDatasetFieldReference","3","","","","","0Fb8a0000015JEG","User","",""
"0m38a000009F88HAAS","0","DataAssetSemanticGraphEdge","MXN","2023-07-13 00:20:56","0058a00000L2IR7AAN","2023-07-13 00:20:56","0058a00000L2IR7AAN","2023-07-13 00:20:56","lens","0FK8a000000Rrbq","","dataset-field","Period","Id","LensToDatasetFieldReference","3","","","","","0Fb8a0000015JEF","Period","0KV8a00003al0VC","Id. del período"
"0m38a000009F88IAAS","0","DataAssetSemanticGraphEdge","MXN","2023-07-13 00:20:56","0058a00000L2IR7AAN","2023-07-13 00:20:56","0058a00000L2IR7AAN","2023-07-13 00:20:56","lens","0FK8a000000Rrbq","","dataset-field","User","FullPhotoUrl","LensToDatasetFieldReference","3","","","","","0Fb8a0000015JEG","User","0KV8a00003al0VT","URL de fotografía en tamaño completo"
"0m38a000009F88JAAS","0","DataAssetSemanticGraphEdge","MXN","2023-07-13 00:20:56","0058a00000L2IR7AAN","2023-07-13 00:20:56","0058a00000L2IR7AAN","2023-07-13 00:20:56","lens","0FK8a000000Rrbq","","dataset-field","ForecastingData","Date_Day","LensToDatasetFieldReference","3","","","","","0Fb8a0000015JEH","ForecastingData","0KV8a00003al0Vn","Date_Day"
"0m38a000009F88KAAS","0","DataAssetSemanticGraphEdge","MXN","2023-07-13 00:20:56","0058a00000L2IR7AAN","2023-07-13 00:20:56","0058a00000L2IR7AAN","2023-07-13 00:20:56","lens","0FK8a000000Rrbq","","dataset-field","Period","StartDate_Day","LensToDatasetFieldReference","3","","","","","0Fb8a0000015JEF","Period","0KV8a00003al0V6","StartDate_Day"
"0m38a000009F88LAAS","0","DataAssetSemanticGraphEdge","MXN","2023-07-13 00:20:56","0058a00000L2IR7AAN","2023-07-13 00:20:56","0058a00000L2IR7AAN","2023-07-13 00:20:56","lens","0FK8a000000Rrbq","","dataset-field","ForecastingData","Type","LensToDatasetFieldReference","3","","","","","0Fb8a0000015JEH","ForecastingData","0KV8a00003al0Vc","Type"
"0m38a000009F88MAAS","0","DataAssetSemanticGraphEdge","MXN","2023-07-13 00:20:56","0058a00000L2IR7AAN","2023-07-13 00:20:56","0058a00000L2IR7AAN","2023-07-13 00:20:56","lens","0FK8a000000Rrbq","","dataset-field","ForecastingData","Owner_ID","LensToDatasetFieldReference","3","","","","","0Fb8a0000015JEH","ForecastingData","0KV8a00003al0Vh","Owner_ID"
"0m38a000009F88NAAS","0","DataAssetSemanticGraphEdge","MXN","2023-07-13 00:20:56","0058a00000L2IR7AAN","2023-07-13 00:20:56","0058a00000L2IR7AAN","2023-07-13 00:20:56","lens","0FK8a000000Rrbq","","dataset-field","ForecastingData","ValueLowerBound","LensToDatasetFieldReference","3","","","","","0Fb8a0000015JEH","ForecastingData","0KU8a00000rjODX","ValueLowerBound"
"0m38a000009F88OAAS","0","DataAssetSemanticGraphEdge","MXN","2023-07-13 00:20:56","0058a00000L2IR7AAN","2023-07-13 00:20:56","0058a00000L2IR7AAN","2023-07-13 00:20:56","lens","0FK8a000000Rrbq","","dataset-field","ForecastingData","Value","LensToDatasetFieldReference","3","","","","","0Fb8a0000015JEH","ForecastingData","0KU8a00000rjODY","Value"
"0m38a000009F88PAAS","0","DataAssetSemanticGraphEdge","MXN","2023-07-13 00:20:56","0058a00000L2IR7AAN","2023-07-13 00:20:56","0058a00000L2IR7AAN","2023-07-13 00:20:56","lens","0FK8a000000Rrbq","","dataset-field","Period","Type","LensToDatasetFieldReference","3","","","","","0Fb8a0000015JEF","Period","0KV8a00003al0VA","Tipo"
"0m38a000009F88QAAS","0","DataAssetSemanticGraphEdge","MXN","2023-07-13 00:20:56","0058a00000L2IR7AAN","2023-07-13 00:20:56","0058a00000L2IR7AAN","2023-07-13 00:20:56","lens","0FK8a000000Rrbq","","dataset-field","Period","StartDate_Month","LensToDatasetFieldReference","3","","","","","0Fb8a0000015JEF","Period","0KV8a00003al0V4","StartDate_Month"
"0m38a000009F88RAAS","0","DataAssetSemanticGraphEdge","MXN","2023-07-13 00:20:56","0058a00000L2IR7AAN","2023-07-13 00:20:56","0058a00000L2IR7AAN","2023-07-13 00:20:56","lens","0FK8a000000Rrbq","","dataset-field","ForecastingData","Date_Month","LensToDatasetFieldReference","3","","","","","0Fb8a0000015JEH","ForecastingData","0KV8a00003al0Vl","Date_Month"
"0m38a000009F88SAAS","0","DataAssetSemanticGraphEdge","MXN","2023-07-13 00:20:56","0058a00000L2IR7AAN","2023-07-13 00:20:56","0058a00000L2IR7AAN","2023-07-13 00:20:56","lens","0FK8a000000Rrbq","","dataset-field","User","Name","LensToDatasetFieldReference","3","","","","","0Fb8a0000015JEG","User","0KV8a00003al0VS","Nombre completo"
"0m38a000009F88TAAS","0","DataAssetSemanticGraphEdge","MXN","2023-07-13 00:20:56","0058a00000L2IR7AAN","2023-07-13 00:20:56","0058a00000L2IR7AAN","2023-07-13 00:20:56","lens","0FK8a000000Rrbq","","dataset-field","ForecastingData","Date","LensToDatasetFieldReference","3","","","","","0Fb8a0000015JEH","ForecastingData","0La8a00000FZBSG","Date"
"0m38a000009F88UAAS","0","DataAssetSemanticGraphEdge","MXN","2023-07-13 00:20:56","0058a00000L2IR7AAN","2023-07-13 00:20:56","0058a00000L2IR7AAN","2023-07-13 00:20:56","lens","0FK8a000000Rrbq","","dataset-field","User","DefaultCurrencyIsoCode","LensToDatasetFieldReference","3","","","","","0Fb8a0000015JEG","User","0KV8a00003al0VN","Código ISO de divisa predeterminada"
"0m38a000009F88VAAS","0","DataAssetSemanticGraphEdge","MXN","2023-07-13 00:20:56","0058a00000L2IR7AAN","2023-07-13 00:20:56","0058a00000L2IR7AAN","2023-07-13 00:20:56","lens","0FK8a000000Rrbq","","dataset-field","ForecastingData","Date_Year","LensToDatasetFieldReference","3","","","","","0Fb8a0000015JEH","ForecastingData","0KV8a00003al0Vj","Date_Year"
"0m38a000009F88WAAS","0","DataAssetSemanticGraphEdge","MXN","2023-07-13 00:20:56","0058a00000L2IR7AAN","2023-07-13 00:20:56","0058a00000L2IR7AAN","2023-07-13 00:20:56","lens","0FK8a000000Rrbq","","dataset-field","User","FirstName","LensToDatasetFieldReference","3","","","","","0Fb8a0000015JEG","User","0KV8a00003al0VP","Nombre"
"0m38a000009F88XAAS","0","DataAssetSemanticGraphEdge","MXN","2023-07-13 00:20:56","0058a00000L2IR7AAN","2023-07-13 00:20:56","0058a00000L2IR7AAN","2023-07-13 00:20:56","lens","0FK8a000000Rrbq","","dataset-field","ForecastingData","Period_ID","LensToDatasetFieldReference","3","","","","","0Fb8a0000015JEH","ForecastingData","0KV8a00003al0Vr","Period_ID"
"0m38a000009F88YAAS","0","DataAssetSemanticGraphEdge","MXN","2023-07-13 00:20:56","0058a00000L2IR7AAN","2023-07-13 00:20:56","0058a00000L2IR7AAN","2023-07-13 00:20:56","lens","0FK8a000000Rrbq","","dataset-field","Period","StartDate_Year","LensToDatasetFieldReference","3","","","","","0Fb8a0000015JEF","Period","0KV8a00003al0V2","StartDate_Year"
"0m38a000009F88ZAAS","0","DataAssetSemanticGraphEdge","MXN","2023-07-13 00:20:56","0058a00000L2IR7AAN","2023-07-13 00:20:56","0058a00000L2IR7AAN","2023-07-13 00:20:56","lens","0FK8a000000Rrbq","","dataset-field","User","Username","LensToDatasetFieldReference","3","","","","","0Fb8a0000015JEG","User","0KV8a00003al0VU","Nombre de usuario"
"0m38a000009F88aAAC","0","DataAssetSemanticGraphEdge","MXN","2023-07-13 00:20:56","0058a00000L2IR7AAN","2023-07-13 00:20:56","0058a00000L2IR7AAN","2023-07-13 00:20:56","lens","0FK8a000000Rrbq","","dataset-field","CurrencyType","CurrencyCode","LensToDatasetFieldReference","3","","","","","0Fb8a0000015JEI","CurrencyType","0KV8a00003al0Vs","Analytics User Currency"
"0m38a000009F88bAAC","0","DataAssetSemanticGraphEdge","MXN","2023-07-13 00:20:56","0058a00000L2IR7AAN","2023-07-13 00:20:56","0058a00000L2IR7AAN","2023-07-13 00:20:56","lens","0FK8a000000Rrbq","","dataset-field","CurrencyType","NewConversionRate","LensToDatasetFieldReference","3","","","","","0Fb8a0000015JEI","CurrencyType","0KU8a00000rjOGD","NewConversionRate"
"0m38a000009F88cAAC","0","DataAssetSemanticGraphEdge","MXN","2023-07-13 00:20:56","0058a00000L2IR7AAN","2023-07-13 00:20:56","0058a00000L2IR7AAN","2023-07-13 00:20:56","lens","0FK8a000000Rrbq","","dataset-field","ForecastingData","ValueHigherBound","LensToDatasetFieldReference","3","","","","","0Fb8a0000015JEH","ForecastingData","0KU8a00000rjODZ","ValueHigherBound"
"0m38a000009F88dAAC","0","DataAssetSemanticGraphEdge","MXN","2023-07-13 00:20:56","0058a00000L2IR7AAN","2023-07-13 00:20:56","0058a00000L2IR7AAN","2023-07-13 00:20:56","lens","0FK8a000000Rrbq","","dataset-field","ForecastingData","Category","LensToDatasetFieldReference","3","","","","","0Fb8a0000015JEH","ForecastingData","0KV8a00003al0Vd","Forecast Measures"
"0m38a000009F88eAAC","0","DataAssetSemanticGraphEdge","MXN","2023-07-13 00:20:56","0058a00000L2IR7AAN","2023-07-13 00:20:56","0058a00000L2IR7AAN","2023-07-13 00:20:56","lens","0FK8a000000Rrbq","","dataset-field","User","Id","LensToDatasetFieldReference","3","","","","","0Fb8a0000015JEG","User","0KV8a00003al0VX","Id. de usuario"
"0m38a000009F88fAAC","0","DataAssetSemanticGraphEdge","MXN","2023-07-13 00:20:58","0058a00000L2IR7AAN","2023-07-13 00:20:58","0058a00000L2IR7AAN","2023-07-13 00:20:58","lens","0FK8a000000Rrbr","","dataset-field","ForecastingData","Date_Year","LensToDatasetFieldReference","3","","","","","0Fb8a0000015JEH","ForecastingData","0KV8a00003al0Vj","Date_Year"
"0m38a000009F88gAAC","0","DataAssetSemanticGraphEdge","MXN","2023-07-13 00:20:58","0058a00000L2IR7AAN","2023-07-13 00:20:58","0058a00000L2IR7AAN","2023-07-13 00:20:58","lens","0FK8a000000Rrbr","","dataset-field","ForecastingData","Type","LensToDatasetFieldReference","3","","","","","0Fb8a0000015JEH","ForecastingData","0KV8a00003al0Vc","Type"
"0m38a000009F88hAAC","0","DataAssetSemanticGraphEdge","MXN","2023-07-13 00:20:58","0058a00000L2IR7AAN","2023-07-13 00:20:58","0058a00000L2IR7AAN","2023-07-13 00:20:58","lens","0FK8a000000Rrbr","","dataset-field","ForecastingData","ValueHigherBound","LensToDatasetFieldReference","3","","","","","0Fb8a0000015JEH","ForecastingData","0KU8a00000rjODZ","ValueHigherBound"
"0m38a000009F88iAAC","0","DataAssetSemanticGraphEdge","MXN","2023-07-13 00:20:58","0058a00000L2IR7AAN","2023-07-13 00:20:58","0058a00000L2IR7AAN","2023-07-13 00:20:58","lens","0FK8a000000Rrbr","","dataset-field","ForecastingData","ValueLowerBound","LensToDatasetFieldReference","3","","","","","0Fb8a0000015JEH","ForecastingData","0KU8a00000rjODX","ValueLowerBound"
"0m38a000009F88jAAC","0","DataAssetSemanticGraphEdge","MXN","2023-07-13 00:20:58","0058a00000L2IR7AAN","2023-07-13 00:20:58","0058a00000L2IR7AAN","2023-07-13 00:20:58","lens","0FK8a000000Rrbr","","dataset-field","ForecastingData","Owner_ID","LensToDatasetFieldReference","3","","","","","0Fb8a0000015JEH","ForecastingData","0KV8a00003al0Vh","Owner_ID"
"0m38a000009F88kAAC","0","DataAssetSemanticGraphEdge","MXN","2023-07-13 00:20:58","0058a00000L2IR7AAN","2023-07-13 00:20:58","0058a00000L2IR7AAN","2023-07-13 00:20:58","lens","0FK8a000000Rrbr","","dataset-field","CurrencyType","CurrencyCode","LensToDatasetFieldReference","3","","","","","0Fb8a0000015JEI","CurrencyType","0KV8a00003al0Vs","Analytics User Currency"
"0m38a000009F88lAAC","0","DataAssetSemanticGraphEdge","MXN","2023-07-13 00:20:58","0058a00000L2IR7AAN","2023-07-13 00:20:58","0058a00000L2IR7AAN","2023-07-13 00:20:58","lens","0FK8a000000Rrbr","","dataset-field","ForecastingData","Date_Month","LensToDatasetFieldReference","3","","","","","0Fb8a0000015JEH","ForecastingData","0KV8a00003al0Vl","Date_Month"
"0m38a000009F88mAAC","0","DataAssetSemanticGraphEdge","MXN","2023-07-13 00:20:58","0058a00000L2IR7AAN","2023-07-13 00:20:58","0058a00000L2IR7AAN","2023-07-13 00:20:58","lens","0FK8a000000Rrbr","","dataset-field","Period","Id","LensToDatasetFieldReference","3","","","","","0Fb8a0000015JEF","Period","0KV8a00003al0VC","Id. del período"
"0m38a000009F88nAAC","0","DataAssetSemanticGraphEdge","MXN","2023-07-13 00:20:58","0058a00000L2IR7AAN","2023-07-13 00:20:58","0058a00000L2IR7AAN","2023-07-13 00:20:58","lens","0FK8a000000Rrbr","","dataset-field","Period","StartDate_Year","LensToDatasetFieldReference","3","","","","","0Fb8a0000015JEF","Period","0KV8a00003al0V2","StartDate_Year"
"0m38a000009F88oAAC","0","DataAssetSemanticGraphEdge","MXN","2023-07-13 00:20:58","0058a00000L2IR7AAN","2023-07-13 00:20:58","0058a00000L2IR7AAN","2023-07-13 00:20:58","lens","0FK8a000000Rrbr","","dataset-field","CurrencyType","NewConversionRate","LensToDatasetFieldReference","3","","","","","0Fb8a0000015JEI","CurrencyType","0KU8a00000rjOGD","NewConversionRate"
"0m38a000009F88pAAC","0","DataAssetSemanticGraphEdge","MXN","2023-07-13 00:20:58","0058a00000L2IR7AAN","2023-07-13 00:20:58","0058a00000L2IR7AAN","2023-07-13 00:20:58","lens","0FK8a000000Rrbr","","dataset-field","ForecastingData","Category","LensToDatasetFieldReference","3","","","","","0Fb8a0000015JEH","ForecastingData","0KV8a00003al0Vd","Forecast Measures"
"0m38a000009F88qAAC","0","DataAssetSemanticGraphEdge","MXN","2023-07-13 00:20:58","0058a00000L2IR7AAN","2023-07-13 00:20:58","0058a00000L2IR7AAN","2023-07-13 00:20:58","lens","0FK8a000000Rrbr","","dataset-field","User","Id","LensToDatasetFieldReference","3","","","","","0Fb8a0000015JEG","User","0KV8a00003al0VX","Id. de usuario"
"0m38a000009F88rAAC","0","DataAssetSemanticGraphEdge","MXN","2023-07-13 00:20:58","0058a00000L2IR7AAN","2023-07-13 00:20:58","0058a00000L2IR7AAN","2023-07-13 00:20:58","lens","0FK8a000000Rrbr","","dataset-field","ForecastingData","Date","LensToDatasetFieldReference","3","","","","","0Fb8a0000015JEH","ForecastingData","0La8a00000FZBSG","Date"
"0m38a000009F88sAAC","0","DataAssetSemanticGraphEdge","MXN","2023-07-13 00:20:58","0058a00000L2IR7AAN","2023-07-13 00:20:58","0058a00000L2IR7AAN","2023-07-13 00:20:58","lens","0FK8a000000Rrbr","","dataset-field","ForecastingData","Period_ID","LensToDatasetFieldReference","3","","","","","0Fb8a0000015JEH","ForecastingData","0KV8a00003al0Vr","Period_ID"
"0m38a000009F88tAAC","0","DataAssetSemanticGraphEdge","MXN","2023-07-13 00:20:58","0058a00000L2IR7AAN","2023-07-13 00:20:58","0058a00000L2IR7AAN","2023-07-13 00:20:58","lens","0FK8a000000Rrbr","","dataset-field","ForecastingData","Value","LensToDatasetFieldReference","3","","","","","0Fb8a0000015JEH","ForecastingData","0KU8a00000rjODY","Value"
"0m38a000009F88uAAC","0","DataAssetSemanticGraphEdge","MXN","2023-07-13 00:20:58","0058a00000L2IR7AAN","2023-07-13 00:20:58","0058a00000L2IR7AAN","2023-07-13 00:20:58","lens","0FK8a000000Rrbr","","dataset-field","User","DefaultCurrencyIsoCode","LensToDatasetFieldReference","3","","","","","0Fb8a0000015JEG","User","0KV8a00003al0VN","Código ISO de divisa predeterminada"
"0m38a000009F88vAAC","0","DataAssetSemanticGraphEdge","MXN","2023-07-13 00:20:58","0058a00000L2IR7AAN","2023-07-13 00:20:58","0058a00000L2IR7AAN","2023-07-13 00:20:58","lens","0FK8a000000Rrbr","","dataset-field","Period","StartDate_Day","LensToDatasetFieldReference","3","","","","","0Fb8a0000015JEF","Period","0KV8a00003al0V6","StartDate_Day"
"0m38a000009F88wAAC","0","DataAssetSemanticGraphEdge","MXN","2023-07-13 00:20:58","0058a00000L2IR7AAN","2023-07-13 00:20:58","0058a00000L2IR7AAN","2023-07-13 00:20:58","lens","0FK8a000000Rrbr","","dataset-field","Period","StartDate_Month","LensToDatasetFieldReference","3","","","","","0Fb8a0000015JEF","Period","0KV8a00003al0V4","StartDate_Month"
"0m38a000009F88xAAC","0","DataAssetSemanticGraphEdge","MXN","2023-07-13 00:20:58","0058a00000L2IR7AAN","2023-07-13 00:20:58","0058a00000L2IR7AAN","2023-07-13 00:20:58","lens","0FK8a000000Rrbr","","dataset-field","ForecastingData","Date_Day","LensToDatasetFieldReference","3","","","","","0Fb8a0000015JEH","ForecastingData","0KV8a00003al0Vn","Date_Day"
"0m38a000009F88yAAC","0","DataAssetSemanticGraphEdge","MXN","2023-07-13 00:20:58","0058a00000L2IR7AAN","2023-07-13 00:20:58","0058a00000L2IR7AAN","2023-07-13 00:20:58","lens","0FK8a000000Rrbr","","dataset-field","Period","Type","LensToDatasetFieldReference","3","","","","","0Fb8a0000015JEF","Period","0KV8a00003al0VA","Tipo"
