"Id","IsDeleted","Name","CreatedDate","CreatedById","LastModifiedDate","LastModifiedById","SystemModstamp","Factor1","Factor2","Type","Value","ConversionCorrelation","SourceField1","SourceField2","Version","ExternalId","SummaryText","ScoreCorrelation","FeatureType","SegmentId"
"0O38a000000D9LnCAK","0","00000093","2023-06-27 02:15:44","0058a00000LLuwkAAD","2023-06-27 02:15:44","0058a00000LLuwkAAD","2023-06-27 02:15:44","Lead.IsUnreadByOwner","","IS_EQUAL","False","0.018","Lead.IsUnreadByOwner","","6","355f630e-d32e-4456-bf84-667b67cf01ca","No leído por el propietario es False","","LeadScoring","6gt8a000000YFQoAAO"
"0O38a000000D9LoCAK","0","00000094","2023-06-27 02:15:44","0058a00000LLuwkAAD","2023-06-27 02:15:44","0058a00000LLuwkAAD","2023-06-27 02:15:44","Lead.LastActivityDate","","IS_EQUAL","Low_Neg","0.064","Lead.LastActivityDate","","6","3b3465e1-c750-4532-9133-a5adc6323b03","Última actividad es reciente","","LeadScoring","6gt8a000000YFQoAAO"
"0O38a000000D9LpCAK","0","00000095","2023-06-27 02:15:44","0058a00000LLuwkAAD","2023-06-27 02:15:44","0058a00000LLuwkAAD","2023-06-27 02:15:44","NumberOfFutureEvents","","IS_EQUAL","Empty","-0.057","Event.Who","","6","4e20149b-4efb-4502-971c-e4dc31bb8065","No hay eventos futuros","","LeadScoring","6gt8a000000YFQoAAO"
"0O38a000000D9LqCAK","0","00000096","2023-06-27 02:15:44","0058a00000LLuwkAAD","2023-06-27 02:15:44","0058a00000LLuwkAAD","2023-06-27 02:15:44","TotalNumberOfTasks","","IS_EQUAL","Empty","-0.035","Task.Who","","6","4e534ad1-f4b4-4fcd-bdf8-7d9e2d7f182f","No hay tareas","","LeadScoring","6gt8a000000YFQoAAO"
"0O38a000000D9LrCAK","0","00000097","2023-06-27 02:15:44","0058a00000LLuwkAAD","2023-06-27 02:15:44","0058a00000LLuwkAAD","2023-06-27 02:15:44","NumberOfFutureTasks","","IS_EQUAL","Empty","-0.044","Task.Who","","6","4fac9d23-af93-4678-8957-a599297ae8cf","No hay tareas futuras","","LeadScoring","6gt8a000000YFQoAAO"
"0O38a000000D9LsCAK","0","00000098","2023-06-27 02:15:44","0058a00000LLuwkAAD","2023-06-27 02:15:44","0058a00000LLuwkAAD","2023-06-27 02:15:44","Lead.TitleRank","","IS_EQUAL","ManagerLevel","-0.033","Lead.Title","","6","57f55b8f-ec9e-41b8-9586-4d7add75ed7d","","","LeadScoring","6gt8a000000YFQoAAO"
"0O38a000000D9LtCAK","0","00000099","2023-06-27 02:15:44","0058a00000LLuwkAAD","2023-06-27 02:15:44","0058a00000LLuwkAAD","2023-06-27 02:15:44","TotalNumberOfActivities","","IS_EQUAL","Empty","-0.041","Task.Who","Event.Who","6","63276659-4422-40b7-b4d3-73fc9c8f17f1","No hay actividades","","LeadScoring","6gt8a000000YFQoAAO"
"0O38a000000D9LuCAK","0","00000100","2023-06-27 02:15:44","0058a00000LLuwkAAD","2023-06-27 02:15:44","0058a00000LLuwkAAD","2023-06-27 02:15:44","Lead.LeadSource","","IS_EQUAL","Website","0.018","Lead.LeadSource","","6","69fefc1d-a7e2-463c-8fb1-f631751d715c","Origen del contacto es Website","","LeadScoring","6gt8a000000YFQoAAO"
"0O38a000000D9LvCAK","0","00000101","2023-06-27 02:15:44","0058a00000LLuwkAAD","2023-06-27 02:15:44","0058a00000LLuwkAAD","2023-06-27 02:15:44","Lead.Country","","IS_EQUAL","other","-0.014","Lead.Country","","6","82e16804-6635-449e-88a4-0eea25110576","País es other","","LeadScoring","6gt8a000000YFQoAAO"
"0O38a000000D9LwCAK","0","00000102","2023-06-27 02:15:44","0058a00000LLuwkAAD","2023-06-27 02:15:44","0058a00000LLuwkAAD","2023-06-27 02:15:44","TotalNumberOfEvents","","IS_EQUAL","Empty","-0.055","Event.Who","","6","8cc4cc95-1319-41e9-8608-ae3ac3f52971","No hay eventos","","LeadScoring","6gt8a000000YFQoAAO"
"0O38a000000D9LxCAK","0","00000103","2023-06-27 02:15:44","0058a00000LLuwkAAD","2023-06-27 02:15:44","0058a00000LLuwkAAD","2023-06-27 02:15:44","Lead.Email","","IS_EQUAL","from a business","0.014","Lead.Email","","6","8f244e09-ad81-4a1d-bd78-351af4ebdbb6","Email es from a business","","LeadScoring","6gt8a000000YFQoAAO"
"0O38a000000D9LyCAK","0","00000104","2023-06-27 02:15:44","0058a00000LLuwkAAD","2023-06-27 02:15:44","0058a00000LLuwkAAD","2023-06-27 02:15:44","Lead.Email","","IS_NOT_EQUAL","from a business","-0.014","Lead.Email","","6","9f30a010-3458-4d13-b3f8-a8041b3dafe4","Email no es from a business","","LeadScoring","6gt8a000000YFQoAAO"
"0O38a000000D9LzCAK","0","00000105","2023-06-27 02:15:44","0058a00000LLuwkAAD","2023-06-27 02:15:44","0058a00000LLuwkAAD","2023-06-27 02:15:44","Lead.TitleRank","","IS_EQUAL","VPLevel","-0.021","Lead.Title","","6","a7045edd-dc0f-4244-b46f-ddf8c0b01bcf","","","LeadScoring","6gt8a000000YFQoAAO"
"0O38a000000D9M0CAK","0","00000106","2023-06-27 02:15:44","0058a00000LLuwkAAD","2023-06-27 02:15:44","0058a00000LLuwkAAD","2023-06-27 02:15:44","Lead.TitleRank","","IS_EQUAL","DirectorLevel","-0.022","Lead.Title","","6","adf6930e-b176-4e6a-b4b5-e6baf93ecf7d","","","LeadScoring","6gt8a000000YFQoAAO"
"0O38a000000D9M1CAK","0","00000107","2023-06-27 02:15:44","0058a00000LLuwkAAD","2023-06-27 02:15:44","0058a00000LLuwkAAD","2023-06-27 02:15:44","TitleDepartment","","IS_EQUAL","Marketing","-0.013","Lead.Title","","6","bc582ed6-76a8-4810-a664-17bda6619532","Departamento detectado de Einstein es Marketing","","LeadScoring","6gt8a000000YFQoAAO"
"0O38a000000D9M2CAK","0","00000108","2023-06-27 02:15:44","0058a00000LLuwkAAD","2023-06-27 02:15:44","0058a00000LLuwkAAD","2023-06-27 02:15:44","Lead.LeadSource","","IS_EQUAL","Web","0.022","Lead.LeadSource","","6","c92287c5-0b92-467d-b5dd-b1670da070de","Origen del contacto es Web","","LeadScoring","6gt8a000000YFQoAAO"
"0O38a000000D9M3CAK","0","00000109","2023-06-27 02:15:44","0058a00000LLuwkAAD","2023-06-27 02:15:44","0058a00000LLuwkAAD","2023-06-27 02:15:44","NumberOfFutureActivities","","IS_EQUAL","Empty","-0.057","Task.Who","Event.Who","6","e540946c-3e84-40da-8dc7-cdd5bca02df1","No hay actividades futuras","","LeadScoring","6gt8a000000YFQoAAO"
"0O38a000000DYfkCAG","0","00000110","2023-07-27 16:47:13","0058a00000LLuwkAAD","2023-07-27 16:47:13","0058a00000LLuwkAAD","2023-07-27 16:47:13","NumberOfFutureActivities","","IS_EQUAL","Empty","-0.047","Task.Who","Event.Who","7","19a8ac8a-c956-4657-ac87-27b3997774d3","No hay actividades futuras","","LeadScoring","6gt8a000000YFQoAAO"
"0O38a000000DYflCAG","0","00000111","2023-07-27 16:47:13","0058a00000LLuwkAAD","2023-07-27 16:47:13","0058a00000LLuwkAAD","2023-07-27 16:47:13","Lead.TitleRank","","IS_EQUAL","DirectorLevel","-0.022","Lead.Title","","7","1b0c6b79-a46c-43a5-ab4f-30926eebde9c","","","LeadScoring","6gt8a000000YFQoAAO"
"0O38a000000DYfmCAG","0","00000112","2023-07-27 16:47:13","0058a00000LLuwkAAD","2023-07-27 16:47:13","0058a00000LLuwkAAD","2023-07-27 16:47:13","Lead.LeadSource","","IS_EQUAL","Website","0.012","Lead.LeadSource","","7","1e026fda-c787-46c8-b159-affde7fa0eb4","Origen del contacto es Website","","LeadScoring","6gt8a000000YFQoAAO"
"0O38a000000DYfnCAG","0","00000113","2023-07-27 16:47:13","0058a00000LLuwkAAD","2023-07-27 16:47:13","0058a00000LLuwkAAD","2023-07-27 16:47:13","Lead.Country","","IS_EQUAL","other","-0.011","Lead.Country","","7","3f3f4a8d-2e5b-4e23-ae1e-00b84249c21d","País es other","","LeadScoring","6gt8a000000YFQoAAO"
"0O38a000000DYfoCAG","0","00000114","2023-07-27 16:47:13","0058a00000LLuwkAAD","2023-07-27 16:47:13","0058a00000LLuwkAAD","2023-07-27 16:47:13","Lead.TitleRank","","IS_EQUAL","VPLevel","-0.021","Lead.Title","","7","67a55e48-563f-419d-bdb0-94143e156bcc","","","LeadScoring","6gt8a000000YFQoAAO"
"0O38a000000DYfpCAG","0","00000115","2023-07-27 16:47:13","0058a00000LLuwkAAD","2023-07-27 16:47:13","0058a00000LLuwkAAD","2023-07-27 16:47:13","NumberOfFutureEvents","","IS_EQUAL","Empty","-0.045","Event.Who","","7","6c3ec9aa-4e18-47c5-8498-8544d87008a4","No hay eventos futuros","","LeadScoring","6gt8a000000YFQoAAO"
"0O38a000000DYfqCAG","0","00000116","2023-07-27 16:47:13","0058a00000LLuwkAAD","2023-07-27 16:47:13","0058a00000LLuwkAAD","2023-07-27 16:47:13","Lead.TitleRank","","IS_EQUAL","ManagerLevel","-0.027","Lead.Title","","7","6c6009af-ef77-4db5-b645-f88ad7acfafb","","","LeadScoring","6gt8a000000YFQoAAO"
"0O38a000000DYfrCAG","0","00000117","2023-07-27 16:47:13","0058a00000LLuwkAAD","2023-07-27 16:47:13","0058a00000LLuwkAAD","2023-07-27 16:47:13","Lead.Email","","IS_NOT_EQUAL","from a business","-0.017","Lead.Email","","7","7d2ff706-1a94-4781-9b08-f1b2fd0eea12","Email no es from a business","","LeadScoring","6gt8a000000YFQoAAO"
"0O38a000000DYfsCAG","0","00000118","2023-07-27 16:47:13","0058a00000LLuwkAAD","2023-07-27 16:47:13","0058a00000LLuwkAAD","2023-07-27 16:47:13","TitleDepartment","","IS_EQUAL","Marketing","-0.012","Lead.Title","","7","93033756-d8ba-42a5-a4bb-bd82591a7450","Departamento detectado de Einstein es Marketing","","LeadScoring","6gt8a000000YFQoAAO"
"0O38a000000DYftCAG","0","00000119","2023-07-27 16:47:13","0058a00000LLuwkAAD","2023-07-27 16:47:13","0058a00000LLuwkAAD","2023-07-27 16:47:13","Lead.IsUnreadByOwner","","IS_EQUAL","False","0.01","Lead.IsUnreadByOwner","","7","9e807881-58cc-431b-9b20-78d28ee2481f","No leído por el propietario es False","","LeadScoring","6gt8a000000YFQoAAO"
"0O38a000000DYfuCAG","0","00000120","2023-07-27 16:47:13","0058a00000LLuwkAAD","2023-07-27 16:47:13","0058a00000LLuwkAAD","2023-07-27 16:47:13","Lead.LastActivityDate","","IS_EQUAL","Low_Neg","0.054","Lead.LastActivityDate","","7","a8ba0ece-49c0-405b-90e4-cbfba7258be6","Última actividad es reciente","","LeadScoring","6gt8a000000YFQoAAO"
"0O38a000000DYfvCAG","0","00000121","2023-07-27 16:47:13","0058a00000LLuwkAAD","2023-07-27 16:47:13","0058a00000LLuwkAAD","2023-07-27 16:47:13","TotalNumberOfActivities","","IS_EQUAL","Empty","-0.038","Task.Who","Event.Who","7","a8d1edda-1d3d-4ced-81a4-bc98917880c4","No hay actividades","","LeadScoring","6gt8a000000YFQoAAO"
"0O38a000000DYfwCAG","0","00000122","2023-07-27 16:47:13","0058a00000LLuwkAAD","2023-07-27 16:47:13","0058a00000LLuwkAAD","2023-07-27 16:47:13","NumberOfFutureTasks","","IS_EQUAL","Empty","-0.035","Task.Who","","7","b97fac3b-58ef-45a0-81c0-a10bde48eaa0","No hay tareas futuras","","LeadScoring","6gt8a000000YFQoAAO"
"0O38a000000DYfxCAG","0","00000123","2023-07-27 16:47:13","0058a00000LLuwkAAD","2023-07-27 16:47:13","0058a00000LLuwkAAD","2023-07-27 16:47:13","TotalNumberOfTasks","","IS_EQUAL","Empty","-0.032","Task.Who","","7","be0d3e77-852b-42d3-8317-7ef068f6cc0b","No hay tareas","","LeadScoring","6gt8a000000YFQoAAO"
"0O38a000000DYfyCAG","0","00000124","2023-07-27 16:47:13","0058a00000LLuwkAAD","2023-07-27 16:47:13","0058a00000LLuwkAAD","2023-07-27 16:47:13","TotalNumberOfEvents","","IS_EQUAL","Empty","-0.049","Event.Who","","7","c8fc50c1-b17f-41ba-9935-a863886916b2","No hay eventos","","LeadScoring","6gt8a000000YFQoAAO"
"0O38a000000DYfzCAG","0","00000125","2023-07-27 16:47:13","0058a00000LLuwkAAD","2023-07-27 16:47:13","0058a00000LLuwkAAD","2023-07-27 16:47:13","Lead.Email","","IS_EQUAL","from a business","0.017","Lead.Email","","7","cd796998-7b93-4226-92b5-2f0c2f1a207c","Email es from a business","","LeadScoring","6gt8a000000YFQoAAO"
"0O38a000000DYg0CAG","0","00000126","2023-07-27 16:47:13","0058a00000LLuwkAAD","2023-07-27 16:47:13","0058a00000LLuwkAAD","2023-07-27 16:47:13","Lead.LeadSource","","IS_EQUAL","Web","0.016","Lead.LeadSource","","7","ce855d25-85d9-4444-863a-c8de3f19532d","Origen del contacto es Web","","LeadScoring","6gt8a000000YFQoAAO"
"0O38a000000DYg1CAG","0","00000127","2023-07-27 16:47:13","0058a00000LLuwkAAD","2023-07-27 16:47:13","0058a00000LLuwkAAD","2023-07-27 16:47:13","Lead.IsUnreadByOwner","","IS_EQUAL","True","-0.01","Lead.IsUnreadByOwner","","7","daa3160e-0764-4189-bc5d-0851ca8ec434","No leído por el propietario es True","","LeadScoring","6gt8a000000YFQoAAO"
"0O38a000000EgZoCAK","0","00000128","2023-08-27 15:03:50","0058a00000LLuwkAAD","2023-08-27 15:03:50","0058a00000LLuwkAAD","2023-08-27 15:03:50","NumberOfFutureActivities","","IS_EQUAL","Empty","-0.051","Task.Who","Event.Who","8","16124bb1-1ec0-4379-95f3-575eeb8bb672","No hay actividades futuras","","LeadScoring","6gt8a000000YFQoAAO"
"0O38a000000EgZpCAK","0","00000129","2023-08-27 15:03:50","0058a00000LLuwkAAD","2023-08-27 15:03:50","0058a00000LLuwkAAD","2023-08-27 15:03:50","Lead.LeadSource","","IS_EQUAL","Website","0.018","Lead.LeadSource","","8","4cf871a5-675f-48dd-9042-4e5f3472d333","Origen del contacto es Website","","LeadScoring","6gt8a000000YFQoAAO"
"0O38a000000EgZqCAK","0","00000130","2023-08-27 15:03:50","0058a00000LLuwkAAD","2023-08-27 15:03:50","0058a00000LLuwkAAD","2023-08-27 15:03:50","TotalNumberOfActivities","","IS_EQUAL","Empty","-0.043","Task.Who","Event.Who","8","4da9d2c5-f1ad-4fa2-811c-05c971e2e346","No hay actividades","","LeadScoring","6gt8a000000YFQoAAO"
"0O38a000000EgZrCAK","0","00000131","2023-08-27 15:03:50","0058a00000LLuwkAAD","2023-08-27 15:03:50","0058a00000LLuwkAAD","2023-08-27 15:03:50","Lead.TitleRank","","IS_EQUAL","DirectorLevel","-0.022","Lead.Title","","8","5bf6a2a8-438f-4d46-a0ad-c17c071c58ba","","","LeadScoring","6gt8a000000YFQoAAO"
"0O38a000000EgZsCAK","0","00000132","2023-08-27 15:03:50","0058a00000LLuwkAAD","2023-08-27 15:03:50","0058a00000LLuwkAAD","2023-08-27 15:03:50","Lead.Email","","IS_EQUAL","from a business","0.011","Lead.Email","","8","605b17d8-3f51-4a10-8eec-67bc0053f20e","Email es from a business","","LeadScoring","6gt8a000000YFQoAAO"
"0O38a000000EgZtCAK","0","00000133","2023-08-27 15:03:50","0058a00000LLuwkAAD","2023-08-27 15:03:50","0058a00000LLuwkAAD","2023-08-27 15:03:50","NumberOfFutureTasks","","IS_EQUAL","Empty","-0.039","Task.Who","","8","74bd7505-9020-4a34-b2ba-7e67803097f0","No hay tareas futuras","","LeadScoring","6gt8a000000YFQoAAO"
"0O38a000000EgZuCAK","0","00000134","2023-08-27 15:03:50","0058a00000LLuwkAAD","2023-08-27 15:03:50","0058a00000LLuwkAAD","2023-08-27 15:03:50","TotalNumberOfTasks","","IS_EQUAL","Empty","-0.037","Task.Who","","8","85e85010-274a-4f87-8053-a66a1f70ab78","No hay tareas","","LeadScoring","6gt8a000000YFQoAAO"
"0O38a000000EgZvCAK","0","00000135","2023-08-27 15:03:50","0058a00000LLuwkAAD","2023-08-27 15:03:50","0058a00000LLuwkAAD","2023-08-27 15:03:50","NumberOfFutureEvents","","IS_EQUAL","Empty","-0.048","Event.Who","","8","92098de5-2278-4862-870c-16d3b7857ae1","No hay eventos futuros","","LeadScoring","6gt8a000000YFQoAAO"
"0O38a000000EgZwCAK","0","00000136","2023-08-27 15:03:50","0058a00000LLuwkAAD","2023-08-27 15:03:50","0058a00000LLuwkAAD","2023-08-27 15:03:50","Lead.Country","","IS_EQUAL","other","-0.012","Lead.Country","","8","9bc3749a-3a95-4b69-97ff-b50e376aa4d7","País es other","","LeadScoring","6gt8a000000YFQoAAO"
"0O38a000000EgZxCAK","0","00000137","2023-08-27 15:03:50","0058a00000LLuwkAAD","2023-08-27 15:03:50","0058a00000LLuwkAAD","2023-08-27 15:03:50","TotalNumberOfEvents","","IS_EQUAL","Empty","-0.05","Event.Who","","8","a338f1b9-6fa7-488e-85e6-e6ef67a25a08","No hay eventos","","LeadScoring","6gt8a000000YFQoAAO"
"0O38a000000EgZyCAK","0","00000138","2023-08-27 15:03:50","0058a00000LLuwkAAD","2023-08-27 15:03:50","0058a00000LLuwkAAD","2023-08-27 15:03:50","TitleDepartment","","IS_EQUAL","Marketing","-0.012","Lead.Title","","8","adce78f3-16fe-43b8-acaf-ddb59a9e2721","Departamento detectado de Einstein es Marketing","","LeadScoring","6gt8a000000YFQoAAO"
"0O38a000000EgZzCAK","0","00000139","2023-08-27 15:03:50","0058a00000LLuwkAAD","2023-08-27 15:03:50","0058a00000LLuwkAAD","2023-08-27 15:03:50","Lead.LeadSource","","IS_EQUAL","Web","0.018","Lead.LeadSource","","8","b6ff3ed2-01e3-47d0-a68e-57dfbb66eedd","Origen del contacto es Web","","LeadScoring","6gt8a000000YFQoAAO"
"0O38a000000Ega0CAC","0","00000140","2023-08-27 15:03:50","0058a00000LLuwkAAD","2023-08-27 15:03:50","0058a00000LLuwkAAD","2023-08-27 15:03:50","Lead.IsUnreadByOwner","","IS_EQUAL","True","-0.012","Lead.IsUnreadByOwner","","8","c153fc97-7f16-415b-b416-c09737efabbd","No leído por el propietario es True","","LeadScoring","6gt8a000000YFQoAAO"
"0O38a000000Ega1CAC","0","00000141","2023-08-27 15:03:50","0058a00000LLuwkAAD","2023-08-27 15:03:50","0058a00000LLuwkAAD","2023-08-27 15:03:50","Lead.TitleRank","","IS_EQUAL","ManagerLevel","-0.028","Lead.Title","","8","d3c5a232-9ef8-4eb8-be43-67a0d6343009","","","LeadScoring","6gt8a000000YFQoAAO"
"0O38a000000Ega2CAC","0","00000142","2023-08-27 15:03:50","0058a00000LLuwkAAD","2023-08-27 15:03:50","0058a00000LLuwkAAD","2023-08-27 15:03:50","Lead.LastActivityDate","","IS_EQUAL","Low_Neg","0.056","Lead.LastActivityDate","","8","e0ddb5d8-a9ef-4907-9880-e2ebdab49c3b","Última actividad es reciente","","LeadScoring","6gt8a000000YFQoAAO"
"0O38a000000Ega3CAC","0","00000143","2023-08-27 15:03:50","0058a00000LLuwkAAD","2023-08-27 15:03:50","0058a00000LLuwkAAD","2023-08-27 15:03:50","Lead.IsUnreadByOwner","","IS_EQUAL","False","0.012","Lead.IsUnreadByOwner","","8","ec4c5504-f3f0-4396-b27b-55e0d5b8ccd5","No leído por el propietario es False","","LeadScoring","6gt8a000000YFQoAAO"
"0O38a000000grt1CAA","0","00000001","2023-02-11 19:20:09","0058a00000LLuwkAAD","2023-02-11 19:20:09","0058a00000LLuwkAAD","2023-02-11 19:20:09","Lead.IsUnreadByOwner","","IS_EQUAL","False","0.017152479240273095","Lead.IsUnreadByOwner","","1","20c7d09c-7d40-434b-93ed-b165f09278e1","No leído por el propietario es False","","LeadScoring","6gt8a000000YFQoAAO"
"0O38a000000grt2CAA","0","00000002","2023-02-11 19:20:09","0058a00000LLuwkAAD","2023-02-11 19:20:09","0058a00000LLuwkAAD","2023-02-11 19:20:09","NumberOfFutureTasks","","IS_EQUAL","Empty","-0.03977127347490554","Task.Who","","1","3cf35f7c-cdcb-4dc9-9142-b24561192579","No hay tareas futuras","","LeadScoring","6gt8a000000YFQoAAO"
"0O38a000000grt3CAA","0","00000003","2023-02-11 19:20:09","0058a00000LLuwkAAD","2023-02-11 19:20:09","0058a00000LLuwkAAD","2023-02-11 19:20:09","TotalNumberOfEvents","","IS_EQUAL","Empty","-0.05307338180072212","Event.Who","","1","50ac8aae-e1f5-4134-85ce-787a82474596","No hay eventos","","LeadScoring","6gt8a000000YFQoAAO"
"0O38a000000grt4CAA","0","00000004","2023-02-11 19:20:09","0058a00000LLuwkAAD","2023-02-11 19:20:09","0058a00000LLuwkAAD","2023-02-11 19:20:09","Lead.LastActivityDate","","IS_EQUAL","Low_Neg","0.052196408807917954","Lead.LastActivityDate","","1","5e2d1a5f-b8c6-4ff3-a75c-1924f5306b3c","Última actividad es reciente","","LeadScoring","6gt8a000000YFQoAAO"
"0O38a000000grt5CAA","0","00000005","2023-02-11 19:20:09","0058a00000LLuwkAAD","2023-02-11 19:20:09","0058a00000LLuwkAAD","2023-02-11 19:20:09","TitleDepartment","","IS_EQUAL","Marketing","-0.016484800765566757","Lead.Title","","1","7fe0b7e3-070e-47d4-acd3-b41064060ae5","Departamento detectado de Einstein es Marketing","","LeadScoring","6gt8a000000YFQoAAO"
"0O38a000000grt6CAA","0","00000006","2023-02-11 19:20:09","0058a00000LLuwkAAD","2023-02-11 19:20:09","0058a00000LLuwkAAD","2023-02-11 19:20:09","TotalNumberOfTasks","","IS_EQUAL","Empty","-0.03804039376108647","Task.Who","","1","8766859a-acba-4d2f-a601-28a85a3ccc46","No hay tareas","","LeadScoring","6gt8a000000YFQoAAO"
"0O38a000000grt7CAA","0","00000007","2023-02-11 19:20:09","0058a00000LLuwkAAD","2023-02-11 19:20:09","0058a00000LLuwkAAD","2023-02-11 19:20:09","Lead.TitleRank","","IS_EQUAL","DirectorLevel","-0.025070799136814762","Lead.Title","","1","94efb7f7-c02c-46ca-8c10-368cede3808b","","","LeadScoring","6gt8a000000YFQoAAO"
"0O38a000000grt8CAA","0","00000008","2023-02-11 19:20:09","0058a00000LLuwkAAD","2023-02-11 19:20:09","0058a00000LLuwkAAD","2023-02-11 19:20:09","Lead.TitleRank","","IS_EQUAL","VPLevel","-0.019203939780423583","Lead.Title","","1","99969021-5923-4e6a-8c2c-64e1d553c84f","","","LeadScoring","6gt8a000000YFQoAAO"
"0O38a000000grt9CAA","0","00000009","2023-02-11 19:20:09","0058a00000LLuwkAAD","2023-02-11 19:20:09","0058a00000LLuwkAAD","2023-02-11 19:20:09","NumberOfFutureEvents","","IS_EQUAL","Empty","-0.045904934143844583","Event.Who","","1","9cc2ee07-7d50-4a78-9e40-4459ef493dd2","No hay eventos futuros","","LeadScoring","6gt8a000000YFQoAAO"
"0O38a000000grtACAQ","0","00000010","2023-02-11 19:20:09","0058a00000LLuwkAAD","2023-02-11 19:20:09","0058a00000LLuwkAAD","2023-02-11 19:20:09","Lead.Email","","IS_NOT_EQUAL","from a business","-0.020498183794142023","Lead.Email","","1","a1ae4b4b-e20c-48f2-9b4a-c4a302d4bc8e","Email no es from a business","","LeadScoring","6gt8a000000YFQoAAO"
"0O38a000000grtBCAQ","0","00000011","2023-02-11 19:20:09","0058a00000LLuwkAAD","2023-02-11 19:20:09","0058a00000LLuwkAAD","2023-02-11 19:20:09","NumberOfFutureActivities","","IS_EQUAL","Empty","-0.05031739315349539","Task.Who","Event.Who","1","a32977d9-f969-40db-b801-df41c2372057","No hay actividades futuras","","LeadScoring","6gt8a000000YFQoAAO"
"0O38a000000grtCCAQ","0","00000012","2023-02-11 19:20:09","0058a00000LLuwkAAD","2023-02-11 19:20:09","0058a00000LLuwkAAD","2023-02-11 19:20:09","Lead.Country","","IS_EQUAL","other","-0.014739934177165088","Lead.Country","","1","c4bb5ec1-a1cb-4088-ac2a-c2db31fce6fe","País es other","","LeadScoring","6gt8a000000YFQoAAO"
"0O38a000000grtDCAQ","0","00000013","2023-02-11 19:20:09","0058a00000LLuwkAAD","2023-02-11 19:20:09","0058a00000LLuwkAAD","2023-02-11 19:20:09","TotalNumberOfActivities","","IS_EQUAL","Empty","-0.04532566491820679","Task.Who","Event.Who","1","ca050732-6868-4ebf-9f28-37051e0c9279","No hay actividades","","LeadScoring","6gt8a000000YFQoAAO"
"0O38a000000grtECAQ","0","00000014","2023-02-11 19:20:09","0058a00000LLuwkAAD","2023-02-11 19:20:09","0058a00000LLuwkAAD","2023-02-11 19:20:09","Lead.Email","","IS_EQUAL","from a business","0.020498183794142023","Lead.Email","","1","ca58e394-e523-42c2-bbf2-f4f4cb6b52f6","Email es from a business","","LeadScoring","6gt8a000000YFQoAAO"
"0O38a000000grvOCAQ","0","00000015","2023-02-13 12:02:08","0058a00000LLuwkAAD","2023-02-13 12:02:08","0058a00000LLuwkAAD","2023-02-13 12:02:08","Lead.TitleRank","","IS_EQUAL","DirectorLevel","-0.026","Lead.Title","","2","1fdc325e-4545-415f-9246-d0b422ab32c5","","","LeadScoring","6gt8a000000YFQoAAO"
"0O38a000000grvPCAQ","0","00000016","2023-02-13 12:02:08","0058a00000LLuwkAAD","2023-02-13 12:02:08","0058a00000LLuwkAAD","2023-02-13 12:02:08","TotalNumberOfActivities","","IS_EQUAL","Empty","-0.046","Task.Who","Event.Who","2","6d614889-a09e-4ade-9cf5-fb75821a0548","No hay actividades","","LeadScoring","6gt8a000000YFQoAAO"
"0O38a000000grvQCAQ","0","00000017","2023-02-13 12:02:08","0058a00000LLuwkAAD","2023-02-13 12:02:08","0058a00000LLuwkAAD","2023-02-13 12:02:08","TotalNumberOfTasks","","IS_EQUAL","Empty","-0.038","Task.Who","","2","71400782-e96f-4b7e-b32d-576fe4525cbf","No hay tareas","","LeadScoring","6gt8a000000YFQoAAO"
"0O38a000000grvRCAQ","0","00000018","2023-02-13 12:02:08","0058a00000LLuwkAAD","2023-02-13 12:02:08","0058a00000LLuwkAAD","2023-02-13 12:02:08","TitleDepartment","","IS_EQUAL","Marketing","-0.017","Lead.Title","","2","8283b3f6-93d3-4274-a74e-8e1951008bed","Departamento detectado de Einstein es Marketing","","LeadScoring","6gt8a000000YFQoAAO"
"0O38a000000grvSCAQ","0","00000019","2023-02-13 12:02:08","0058a00000LLuwkAAD","2023-02-13 12:02:08","0058a00000LLuwkAAD","2023-02-13 12:02:08","Lead.IsUnreadByOwner","","IS_EQUAL","False","0.018","Lead.IsUnreadByOwner","","2","82ff7008-d062-4aa9-ae3c-9be7c26b2eab","No leído por el propietario es False","","LeadScoring","6gt8a000000YFQoAAO"
"0O38a000000grvTCAQ","0","00000020","2023-02-13 12:02:08","0058a00000LLuwkAAD","2023-02-13 12:02:08","0058a00000LLuwkAAD","2023-02-13 12:02:08","Lead.Country","","IS_EQUAL","other","-0.014","Lead.Country","","2","a543d9ad-bdc4-437c-bb2b-97d06a640f65","País es other","","LeadScoring","6gt8a000000YFQoAAO"
"0O38a000000grvUCAQ","0","00000021","2023-02-13 12:02:08","0058a00000LLuwkAAD","2023-02-13 12:02:08","0058a00000LLuwkAAD","2023-02-13 12:02:08","NumberOfFutureActivities","","IS_EQUAL","Empty","-0.051","Task.Who","Event.Who","2","a774697a-d861-4b93-a1bc-5128e42bddcf","No hay actividades futuras","","LeadScoring","6gt8a000000YFQoAAO"
"0O38a000000grvVCAQ","0","00000022","2023-02-13 12:02:08","0058a00000LLuwkAAD","2023-02-13 12:02:08","0058a00000LLuwkAAD","2023-02-13 12:02:08","Lead.Email","","IS_EQUAL","from a business","0.02","Lead.Email","","2","a806e0be-8f44-490e-8b8d-e707842f57a5","Email es from a business","","LeadScoring","6gt8a000000YFQoAAO"
"0O38a000000grvWCAQ","0","00000023","2023-02-13 12:02:08","0058a00000LLuwkAAD","2023-02-13 12:02:08","0058a00000LLuwkAAD","2023-02-13 12:02:08","Lead.Email","","IS_NOT_EQUAL","from a business","-0.02","Lead.Email","","2","bcdf33de-90d1-474f-a7e2-3fcbec738a5e","Email no es from a business","","LeadScoring","6gt8a000000YFQoAAO"
"0O38a000000grvXCAQ","0","00000024","2023-02-13 12:02:08","0058a00000LLuwkAAD","2023-02-13 12:02:08","0058a00000LLuwkAAD","2023-02-13 12:02:08","TotalNumberOfEvents","","IS_EQUAL","Empty","-0.053","Event.Who","","2","d21ccc0c-9eb3-474b-9f44-6e6476d74c6f","No hay eventos","","LeadScoring","6gt8a000000YFQoAAO"
"0O38a000000grvYCAQ","0","00000025","2023-02-13 12:02:08","0058a00000LLuwkAAD","2023-02-13 12:02:08","0058a00000LLuwkAAD","2023-02-13 12:02:08","Lead.TitleRank","","IS_EQUAL","VPLevel","-0.02","Lead.Title","","2","d26b0414-067f-4463-bd81-6251d44f7756","","","LeadScoring","6gt8a000000YFQoAAO"
"0O38a000000grvZCAQ","0","00000026","2023-02-13 12:02:08","0058a00000LLuwkAAD","2023-02-13 12:02:08","0058a00000LLuwkAAD","2023-02-13 12:02:08","NumberOfFutureTasks","","IS_EQUAL","Empty","-0.04","Task.Who","","2","f499775e-7e35-49e9-b022-03bf6d35ace2","No hay tareas futuras","","LeadScoring","6gt8a000000YFQoAAO"
"0O38a000000grvaCAA","0","00000027","2023-02-13 12:02:08","0058a00000LLuwkAAD","2023-02-13 12:02:08","0058a00000LLuwkAAD","2023-02-13 12:02:08","NumberOfFutureEvents","","IS_EQUAL","Empty","-0.047","Event.Who","","2","f50142bf-185a-4712-aab0-42206b1c3020","No hay eventos futuros","","LeadScoring","6gt8a000000YFQoAAO"
"0O38a000000grvbCAA","0","00000028","2023-02-13 12:02:08","0058a00000LLuwkAAD","2023-02-13 12:02:08","0058a00000LLuwkAAD","2023-02-13 12:02:08","Lead.LastActivityDate","","IS_EQUAL","Low_Neg","0.053","Lead.LastActivityDate","","2","fe213ee0-f504-4bd4-9746-ea93dff45469","Última actividad es reciente","","LeadScoring","6gt8a000000YFQoAAO"
"0O38a000000grxhCAA","0","00000029","2023-02-24 00:54:49","0058a00000LLuwkAAD","2023-02-24 00:54:49","0058a00000LLuwkAAD","2023-02-24 00:54:49","Lead.Country","","IS_EQUAL","other","-0.012","Lead.Country","","2","09b167fa-be35-41f5-8897-e1b2d0f607dd","País es other","","LeadScoring","6gt8a000000YFQoAAO"
"0O38a000000grxiCAA","0","00000030","2023-02-24 00:54:49","0058a00000LLuwkAAD","2023-02-24 00:54:49","0058a00000LLuwkAAD","2023-02-24 00:54:49","TotalNumberOfTasks","","IS_EQUAL","Empty","-0.036","Task.Who","","2","1b2ec7a4-1115-4a4e-819f-6d59569ba00d","No hay tareas","","LeadScoring","6gt8a000000YFQoAAO"
"0O38a000000grxjCAA","0","00000031","2023-02-24 00:54:49","0058a00000LLuwkAAD","2023-02-24 00:54:49","0058a00000LLuwkAAD","2023-02-24 00:54:49","Lead.LeadSource","","IS_EQUAL","Web","0.013","Lead.LeadSource","","2","3a5563d4-3ce3-4436-9815-d8c12109dee7","Origen del contacto es Web","","LeadScoring","6gt8a000000YFQoAAO"
"0O38a000000grxkCAA","0","00000032","2023-02-24 00:54:49","0058a00000LLuwkAAD","2023-02-24 00:54:49","0058a00000LLuwkAAD","2023-02-24 00:54:49","NumberOfFutureTasks","","IS_EQUAL","Empty","-0.036","Task.Who","","2","5113329f-a83f-44c2-950a-011939194b59","No hay tareas futuras","","LeadScoring","6gt8a000000YFQoAAO"
"0O38a000000grxlCAA","0","00000033","2023-02-24 00:54:49","0058a00000LLuwkAAD","2023-02-24 00:54:49","0058a00000LLuwkAAD","2023-02-24 00:54:49","Lead.LastActivityDate","","IS_EQUAL","Low_Neg","0.052","Lead.LastActivityDate","","2","52409dca-58c3-458e-ba9a-d3367fb22806","Última actividad es reciente","","LeadScoring","6gt8a000000YFQoAAO"
"0O38a000000grxmCAA","0","00000034","2023-02-24 00:54:49","0058a00000LLuwkAAD","2023-02-24 00:54:49","0058a00000LLuwkAAD","2023-02-24 00:54:49","TotalNumberOfEvents","","IS_EQUAL","Empty","-0.057","Event.Who","","2","652e45cd-7558-46ea-966b-36b8bf7cd69f","No hay eventos","","LeadScoring","6gt8a000000YFQoAAO"
"0O38a000000grxnCAA","0","00000035","2023-02-24 00:54:49","0058a00000LLuwkAAD","2023-02-24 00:54:49","0058a00000LLuwkAAD","2023-02-24 00:54:49","Lead.TitleRank","","IS_EQUAL","DirectorLevel","-0.026","Lead.Title","","2","6648ce61-43be-4499-b5eb-9a670773d8fb","","","LeadScoring","6gt8a000000YFQoAAO"
"0O38a000000grxoCAA","0","00000036","2023-02-24 00:54:49","0058a00000LLuwkAAD","2023-02-24 00:54:49","0058a00000LLuwkAAD","2023-02-24 00:54:49","TotalNumberOfActivities","","IS_EQUAL","Empty","-0.044","Task.Who","Event.Who","2","6fec4f6c-5635-420a-b403-53169abc0a37","No hay actividades","","LeadScoring","6gt8a000000YFQoAAO"
"0O38a000000grxpCAA","0","00000037","2023-02-24 00:54:49","0058a00000LLuwkAAD","2023-02-24 00:54:49","0058a00000LLuwkAAD","2023-02-24 00:54:49","Lead.TitleRank","","IS_EQUAL","VPLevel","-0.019","Lead.Title","","2","86b631b2-b4e9-408f-bca6-136a0b0ede24","","","LeadScoring","6gt8a000000YFQoAAO"
"0O38a000000grxqCAA","0","00000038","2023-02-24 00:54:49","0058a00000LLuwkAAD","2023-02-24 00:54:49","0058a00000LLuwkAAD","2023-02-24 00:54:49","Lead.IsUnreadByOwner","","IS_EQUAL","False","0.011","Lead.IsUnreadByOwner","","2","a8f3bd88-f9c9-4f08-bb26-693fd98f41ad","No leído por el propietario es False","","LeadScoring","6gt8a000000YFQoAAO"
"0O38a000000grxrCAA","0","00000039","2023-02-24 00:54:49","0058a00000LLuwkAAD","2023-02-24 00:54:49","0058a00000LLuwkAAD","2023-02-24 00:54:49","NumberOfFutureActivities","","IS_EQUAL","Empty","-0.048","Task.Who","Event.Who","2","b98a9bab-097b-4e17-962a-d747459a8d2b","No hay actividades futuras","","LeadScoring","6gt8a000000YFQoAAO"
"0O38a000000grxsCAA","0","00000040","2023-02-24 00:54:49","0058a00000LLuwkAAD","2023-02-24 00:54:49","0058a00000LLuwkAAD","2023-02-24 00:54:49","TitleDepartment","","IS_EQUAL","Marketing","-0.017","Lead.Title","","2","cd9b3068-b1d2-43fa-9918-9884c7dea225","Departamento detectado de Einstein es Marketing","","LeadScoring","6gt8a000000YFQoAAO"
"0O38a000000grxtCAA","0","00000041","2023-02-24 00:54:49","0058a00000LLuwkAAD","2023-02-24 00:54:49","0058a00000LLuwkAAD","2023-02-24 00:54:49","Lead.Email","","IS_EQUAL","from a business","0.024","Lead.Email","","2","d69c0759-28c7-404e-81bd-cb3d99ecca0f","Email es from a business","","LeadScoring","6gt8a000000YFQoAAO"
"0O38a000000grxuCAA","0","00000042","2023-02-24 00:54:49","0058a00000LLuwkAAD","2023-02-24 00:54:49","0058a00000LLuwkAAD","2023-02-24 00:54:49","NumberOfFutureEvents","","IS_EQUAL","Empty","-0.049","Event.Who","","2","eb9cc8e5-faaa-4610-b3a4-94df17e3f79a","No hay eventos futuros","","LeadScoring","6gt8a000000YFQoAAO"
"0O38a000000grxvCAA","0","00000043","2023-02-24 00:54:49","0058a00000LLuwkAAD","2023-02-24 00:54:49","0058a00000LLuwkAAD","2023-02-24 00:54:49","Lead.Email","","IS_NOT_EQUAL","from a business","-0.024","Lead.Email","","2","fee75348-bd9f-4f4c-8a0f-d09ad2c083bf","Email no es from a business","","LeadScoring","6gt8a000000YFQoAAO"
"0O38a000000gs3mCAA","0","00000044","2023-03-26 11:35:16","0058a00000LLuwkAAD","2023-03-26 11:35:16","0058a00000LLuwkAAD","2023-03-26 11:35:16","NumberOfFutureEvents","","IS_EQUAL","Empty","-0.051","Event.Who","","3","0f9fd2e2-e941-4c53-8d0f-8e8e5d4e186e","No hay eventos futuros","","LeadScoring","6gt8a000000YFQoAAO"
"0O38a000000gs3nCAA","0","00000045","2023-03-26 11:35:16","0058a00000LLuwkAAD","2023-03-26 11:35:16","0058a00000LLuwkAAD","2023-03-26 11:35:16","Lead.Email","","IS_EQUAL","from a business","0.023","Lead.Email","","3","26914a62-26e2-4975-87bc-752bf162e1ee","Email es from a business","","LeadScoring","6gt8a000000YFQoAAO"
"0O38a000000gs3oCAA","0","00000046","2023-03-26 11:35:16","0058a00000LLuwkAAD","2023-03-26 11:35:16","0058a00000LLuwkAAD","2023-03-26 11:35:16","Lead.TitleRank","","IS_EQUAL","VPLevel","-0.022","Lead.Title","","3","2b47486c-4712-4c7e-a79c-ebf0d4abfdb9","","","LeadScoring","6gt8a000000YFQoAAO"
"0O38a000000gs3pCAA","0","00000047","2023-03-26 11:35:16","0058a00000LLuwkAAD","2023-03-26 11:35:16","0058a00000LLuwkAAD","2023-03-26 11:35:16","TotalNumberOfEvents","","IS_EQUAL","Empty","-0.058","Event.Who","","3","2d780858-787f-4549-8c97-df0b4f78f7f2","No hay eventos","","LeadScoring","6gt8a000000YFQoAAO"
"0O38a000000gs3qCAA","0","00000048","2023-03-26 11:35:16","0058a00000LLuwkAAD","2023-03-26 11:35:16","0058a00000LLuwkAAD","2023-03-26 11:35:16","Lead.TitleRank","","IS_EQUAL","DirectorLevel","-0.028","Lead.Title","","3","3469ea80-ce51-445c-9d25-aa44686b2f94","","","LeadScoring","6gt8a000000YFQoAAO"
"0O38a000000gs3rCAA","0","00000049","2023-03-26 11:35:16","0058a00000LLuwkAAD","2023-03-26 11:35:16","0058a00000LLuwkAAD","2023-03-26 11:35:16","NumberOfFutureTasks","","IS_EQUAL","Empty","-0.04","Task.Who","","3","3ac2e8e0-e441-4018-867e-14afcf89e357","No hay tareas futuras","","LeadScoring","6gt8a000000YFQoAAO"
"0O38a000000gs3sCAA","0","00000050","2023-03-26 11:35:16","0058a00000LLuwkAAD","2023-03-26 11:35:16","0058a00000LLuwkAAD","2023-03-26 11:35:16","Lead.LastActivityDate","","IS_EQUAL","Low_Neg","0.056","Lead.LastActivityDate","","3","49a6cf00-9cd0-44e3-8311-cbd07816ba1e","Última actividad es reciente","","LeadScoring","6gt8a000000YFQoAAO"
"0O38a000000gs3tCAA","0","00000051","2023-03-26 11:35:16","0058a00000LLuwkAAD","2023-03-26 11:35:16","0058a00000LLuwkAAD","2023-03-26 11:35:16","TotalNumberOfTasks","","IS_EQUAL","Empty","-0.034","Task.Who","","3","4facb1f0-ece9-4ceb-9ad9-2a9a327f70d3","No hay tareas","","LeadScoring","6gt8a000000YFQoAAO"
"0O38a000000gs3uCAA","0","00000052","2023-03-26 11:35:16","0058a00000LLuwkAAD","2023-03-26 11:35:16","0058a00000LLuwkAAD","2023-03-26 11:35:16","TitleDepartment","","IS_EQUAL","Marketing","-0.019","Lead.Title","","3","63c0663a-d2da-4c53-8d92-7e7a17fa0fcf","Departamento detectado de Einstein es Marketing","","LeadScoring","6gt8a000000YFQoAAO"
"0O38a000000gs3vCAA","0","00000053","2023-03-26 11:35:16","0058a00000LLuwkAAD","2023-03-26 11:35:16","0058a00000LLuwkAAD","2023-03-26 11:35:16","Lead.TitleRank","","IS_EQUAL","ManagerLevel","-0.033","Lead.Title","","3","6402049a-8b1d-4dae-bb3f-a5d8777dcf4d","","","LeadScoring","6gt8a000000YFQoAAO"
"0O38a000000gs3wCAA","0","00000054","2023-03-26 11:35:16","0058a00000LLuwkAAD","2023-03-26 11:35:16","0058a00000LLuwkAAD","2023-03-26 11:35:16","Lead.Email","","IS_NOT_EQUAL","from a business","-0.023","Lead.Email","","3","78181327-e768-46c6-8be4-10da6f436162","Email no es from a business","","LeadScoring","6gt8a000000YFQoAAO"
"0O38a000000gs3xCAA","0","00000055","2023-03-26 11:35:16","0058a00000LLuwkAAD","2023-03-26 11:35:16","0058a00000LLuwkAAD","2023-03-26 11:35:16","NumberOfFutureActivities","","IS_EQUAL","Empty","-0.052","Task.Who","Event.Who","3","921c1e71-7229-48c9-aacb-5743fc43d078","No hay actividades futuras","","LeadScoring","6gt8a000000YFQoAAO"
"0O38a000000gs3yCAA","0","00000056","2023-03-26 11:35:16","0058a00000LLuwkAAD","2023-03-26 11:35:16","0058a00000LLuwkAAD","2023-03-26 11:35:16","Lead.LeadSource","","IS_EQUAL","Web","0.017","Lead.LeadSource","","3","b6b6619f-dbc7-4fd6-917d-b7f3abf17328","Origen del contacto es Web","","LeadScoring","6gt8a000000YFQoAAO"
"0O38a000000gs3zCAA","0","00000057","2023-03-26 11:35:16","0058a00000LLuwkAAD","2023-03-26 11:35:16","0058a00000LLuwkAAD","2023-03-26 11:35:16","Lead.Country","","IS_EQUAL","other","-0.014","Lead.Country","","3","bb34d696-ae3e-4747-a336-cd0d8e524b42","País es other","","LeadScoring","6gt8a000000YFQoAAO"
"0O38a000000gs40CAA","0","00000058","2023-03-26 11:35:16","0058a00000LLuwkAAD","2023-03-26 11:35:16","0058a00000LLuwkAAD","2023-03-26 11:35:16","TotalNumberOfActivities","","IS_EQUAL","Empty","-0.041","Task.Who","Event.Who","3","caf2a63f-8cf5-40f1-a596-062501c2dc50","No hay actividades","","LeadScoring","6gt8a000000YFQoAAO"
"0O38a000000gs41CAA","0","00000059","2023-03-26 11:35:16","0058a00000LLuwkAAD","2023-03-26 11:35:16","0058a00000LLuwkAAD","2023-03-26 11:35:16","Lead.LeadSource","","IS_EQUAL","Website","0.01","Lead.LeadSource","","3","f258dd86-029c-4a7a-aa49-bc7e3989295d","Origen del contacto es Website","","LeadScoring","6gt8a000000YFQoAAO"
"0O38a000000ogjKCAQ","0","00000060","2023-04-26 01:12:32","0058a00000LLuwkAAD","2023-04-26 01:12:32","0058a00000LLuwkAAD","2023-04-26 01:12:32","NumberOfFutureActivities","","IS_EQUAL","Empty","-0.052","Task.Who","Event.Who","4","088d6d06-2f0c-4de2-9420-c66c15a289c3","No hay actividades futuras","","LeadScoring","6gt8a000000YFQoAAO"
"0O38a000000ogjLCAQ","0","00000061","2023-04-26 01:12:32","0058a00000LLuwkAAD","2023-04-26 01:12:32","0058a00000LLuwkAAD","2023-04-26 01:12:32","Lead.TitleRank","","IS_EQUAL","ManagerLevel","-0.033","Lead.Title","","4","0ee8cba6-a9df-49f7-aaa8-2ae5cf569ce0","","","LeadScoring","6gt8a000000YFQoAAO"
"0O38a000000ogjMCAQ","0","00000062","2023-04-26 01:12:32","0058a00000LLuwkAAD","2023-04-26 01:12:32","0058a00000LLuwkAAD","2023-04-26 01:12:32","Lead.TitleRank","","IS_EQUAL","VPLevel","-0.023","Lead.Title","","4","19d580fe-65a1-4280-9b3c-0303ca950705","","","LeadScoring","6gt8a000000YFQoAAO"
"0O38a000000ogjNCAQ","0","00000063","2023-04-26 01:12:32","0058a00000LLuwkAAD","2023-04-26 01:12:32","0058a00000LLuwkAAD","2023-04-26 01:12:32","Lead.LeadSource","","IS_EQUAL","Web","0.017","Lead.LeadSource","","4","1bd7e5bc-235b-4a83-960a-62952f0b9f64","Origen del contacto es Web","","LeadScoring","6gt8a000000YFQoAAO"
"0O38a000000ogjOCAQ","0","00000064","2023-04-26 01:12:32","0058a00000LLuwkAAD","2023-04-26 01:12:32","0058a00000LLuwkAAD","2023-04-26 01:12:32","Lead.LastActivityDate","","IS_EQUAL","Low_Neg","0.055","Lead.LastActivityDate","","4","515c65fa-06e5-4e6a-a4e4-9049d8f954db","Última actividad es reciente","","LeadScoring","6gt8a000000YFQoAAO"
"0O38a000000ogjPCAQ","0","00000065","2023-04-26 01:12:32","0058a00000LLuwkAAD","2023-04-26 01:12:32","0058a00000LLuwkAAD","2023-04-26 01:12:32","NumberOfFutureEvents","","IS_EQUAL","Empty","-0.052","Event.Who","","4","6875c079-d44b-4eab-a38c-92f5941ec686","No hay eventos futuros","","LeadScoring","6gt8a000000YFQoAAO"
"0O38a000000ogjQCAQ","0","00000066","2023-04-26 01:12:32","0058a00000LLuwkAAD","2023-04-26 01:12:32","0058a00000LLuwkAAD","2023-04-26 01:12:32","NumberOfFutureTasks","","IS_EQUAL","Empty","-0.039","Task.Who","","4","800bbb97-6511-46bd-8072-7dd8972313ae","No hay tareas futuras","","LeadScoring","6gt8a000000YFQoAAO"
"0O38a000000ogjRCAQ","0","00000067","2023-04-26 01:12:32","0058a00000LLuwkAAD","2023-04-26 01:12:32","0058a00000LLuwkAAD","2023-04-26 01:12:32","TotalNumberOfActivities","","IS_EQUAL","Empty","-0.043","Task.Who","Event.Who","4","87b68580-481a-45ef-a37a-e97404cd81ad","No hay actividades","","LeadScoring","6gt8a000000YFQoAAO"
"0O38a000000ogjSCAQ","0","00000068","2023-04-26 01:12:32","0058a00000LLuwkAAD","2023-04-26 01:12:32","0058a00000LLuwkAAD","2023-04-26 01:12:32","Lead.LeadSource","","IS_EQUAL","Website","0.014","Lead.LeadSource","","4","a32ecf15-bdf4-4059-ba90-c20378d25c2e","Origen del contacto es Website","","LeadScoring","6gt8a000000YFQoAAO"
"0O38a000000ogjTCAQ","0","00000069","2023-04-26 01:12:32","0058a00000LLuwkAAD","2023-04-26 01:12:32","0058a00000LLuwkAAD","2023-04-26 01:12:32","Lead.Email","","IS_EQUAL","from a business","0.017","Lead.Email","","4","ac6033e1-8992-4da2-8bff-45befbc92538","Email es from a business","","LeadScoring","6gt8a000000YFQoAAO"
"0O38a000000ogjUCAQ","0","00000070","2023-04-26 01:12:32","0058a00000LLuwkAAD","2023-04-26 01:12:32","0058a00000LLuwkAAD","2023-04-26 01:12:32","TotalNumberOfTasks","","IS_EQUAL","Empty","-0.037","Task.Who","","4","ae2395da-2b5f-4d44-81fa-20a8d42f0bff","No hay tareas","","LeadScoring","6gt8a000000YFQoAAO"
"0O38a000000ogjVCAQ","0","00000071","2023-04-26 01:12:32","0058a00000LLuwkAAD","2023-04-26 01:12:32","0058a00000LLuwkAAD","2023-04-26 01:12:32","Lead.TitleRank","","IS_EQUAL","DirectorLevel","-0.026","Lead.Title","","4","b7baee56-1245-4e3c-bf98-708c56a9c468","","","LeadScoring","6gt8a000000YFQoAAO"
"0O38a000000ogjWCAQ","0","00000072","2023-04-26 01:12:32","0058a00000LLuwkAAD","2023-04-26 01:12:32","0058a00000LLuwkAAD","2023-04-26 01:12:32","TotalNumberOfEvents","","IS_EQUAL","Empty","-0.055","Event.Who","","4","c1656836-ba9f-4780-9871-02be456e4041","No hay eventos","","LeadScoring","6gt8a000000YFQoAAO"
"0O38a000000ogjXCAQ","0","00000073","2023-04-26 01:12:32","0058a00000LLuwkAAD","2023-04-26 01:12:32","0058a00000LLuwkAAD","2023-04-26 01:12:32","Lead.Country","","IS_EQUAL","other","-0.013","Lead.Country","","4","c9d2a2a7-dc4a-41a0-9ab2-86595973a1d3","País es other","","LeadScoring","6gt8a000000YFQoAAO"
"0O38a000000ogjYCAQ","0","00000074","2023-04-26 01:12:32","0058a00000LLuwkAAD","2023-04-26 01:12:32","0058a00000LLuwkAAD","2023-04-26 01:12:32","TitleDepartment","","IS_EQUAL","Marketing","-0.021","Lead.Title","","4","de42269f-5bd9-4095-ad7d-28f07c0a04aa","Departamento detectado de Einstein es Marketing","","LeadScoring","6gt8a000000YFQoAAO"
"0O38a000000ogjZCAQ","0","00000075","2023-04-26 01:12:32","0058a00000LLuwkAAD","2023-04-26 01:12:32","0058a00000LLuwkAAD","2023-04-26 01:12:32","Lead.Email","","IS_NOT_EQUAL","from a business","-0.017","Lead.Email","","4","e3db46a4-8ee6-4117-af03-3658055b749f","Email no es from a business","","LeadScoring","6gt8a000000YFQoAAO"
"0O38a000000ogrmCAA","0","00000076","2023-05-27 01:05:22","0058a00000LLuwkAAD","2023-05-27 01:05:22","0058a00000LLuwkAAD","2023-05-27 01:05:22","Lead.Email","","IS_NOT_EQUAL","from a business","-0.016","Lead.Email","","5","0bd713e9-cfb6-4950-bb98-b3a2795c640d","Email no es from a business","","LeadScoring","6gt8a000000YFQoAAO"
"0O38a000000ogrnCAA","0","00000077","2023-05-27 01:05:22","0058a00000LLuwkAAD","2023-05-27 01:05:22","0058a00000LLuwkAAD","2023-05-27 01:05:22","Lead.Email","","IS_EQUAL","from a business","0.016","Lead.Email","","5","0eb1322e-eaf9-4be5-ba81-5ee2aef8caf3","Email es from a business","","LeadScoring","6gt8a000000YFQoAAO"
"0O38a000000ogroCAA","0","00000078","2023-05-27 01:05:22","0058a00000LLuwkAAD","2023-05-27 01:05:22","0058a00000LLuwkAAD","2023-05-27 01:05:22","Lead.LeadSource","","IS_EQUAL","Website","0.013","Lead.LeadSource","","5","10b6ecab-f647-492f-986a-e22899b7b969","Origen del contacto es Website","","LeadScoring","6gt8a000000YFQoAAO"
"0O38a000000ogrpCAA","0","00000079","2023-05-27 01:05:22","0058a00000LLuwkAAD","2023-05-27 01:05:22","0058a00000LLuwkAAD","2023-05-27 01:05:22","Lead.TitleRank","","IS_EQUAL","ManagerLevel","-0.034","Lead.Title","","5","2127e942-2351-4201-85a0-58245e62709b","","","LeadScoring","6gt8a000000YFQoAAO"
"0O38a000000ogrqCAA","0","00000080","2023-05-27 01:05:22","0058a00000LLuwkAAD","2023-05-27 01:05:22","0058a00000LLuwkAAD","2023-05-27 01:05:22","Lead.LeadSource","","IS_EQUAL","Web","0.017","Lead.LeadSource","","5","2c2579f2-b9b4-4c4d-8b3e-5149904e7c7d","Origen del contacto es Web","","LeadScoring","6gt8a000000YFQoAAO"
"0O38a000000ogrrCAA","0","00000081","2023-05-27 01:05:22","0058a00000LLuwkAAD","2023-05-27 01:05:22","0058a00000LLuwkAAD","2023-05-27 01:05:22","NumberOfFutureActivities","","IS_EQUAL","Empty","-0.052","Task.Who","Event.Who","5","2eb55baf-ebea-44f5-9da1-1c4ffaf4d5c7","No hay actividades futuras","","LeadScoring","6gt8a000000YFQoAAO"
"0O38a000000ogrsCAA","0","00000082","2023-05-27 01:05:22","0058a00000LLuwkAAD","2023-05-27 01:05:22","0058a00000LLuwkAAD","2023-05-27 01:05:22","Lead.LastActivityDate","","IS_EQUAL","Low_Neg","0.054","Lead.LastActivityDate","","5","3381cfa0-9b63-4077-9eea-e4b115bb7bae","Última actividad es reciente","","LeadScoring","6gt8a000000YFQoAAO"
"0O38a000000ogrtCAA","0","00000083","2023-05-27 01:05:22","0058a00000LLuwkAAD","2023-05-27 01:05:22","0058a00000LLuwkAAD","2023-05-27 01:05:22","NumberOfFutureTasks","","IS_EQUAL","Empty","-0.04","Task.Who","","5","3ea9bb84-7506-4830-ab7a-7dd470582873","No hay tareas futuras","","LeadScoring","6gt8a000000YFQoAAO"
"0O38a000000ogruCAA","0","00000084","2023-05-27 01:05:22","0058a00000LLuwkAAD","2023-05-27 01:05:22","0058a00000LLuwkAAD","2023-05-27 01:05:22","TotalNumberOfEvents","","IS_EQUAL","Empty","-0.056","Event.Who","","5","4e680a59-4909-4ca0-aab1-0e1af7e70758","No hay eventos","","LeadScoring","6gt8a000000YFQoAAO"
"0O38a000000ogrvCAA","0","00000085","2023-05-27 01:05:22","0058a00000LLuwkAAD","2023-05-27 01:05:22","0058a00000LLuwkAAD","2023-05-27 01:05:22","TotalNumberOfActivities","","IS_EQUAL","Empty","-0.043","Task.Who","Event.Who","5","75d15a9f-0537-4e8e-9722-aa1117ec7fac","No hay actividades","","LeadScoring","6gt8a000000YFQoAAO"
"0O38a000000ogrwCAA","0","00000086","2023-05-27 01:05:22","0058a00000LLuwkAAD","2023-05-27 01:05:22","0058a00000LLuwkAAD","2023-05-27 01:05:22","Lead.IsUnreadByOwner","","IS_EQUAL","False","0.018","Lead.IsUnreadByOwner","","5","867f98a7-ccc9-46a4-9178-7420c048aecc","No leído por el propietario es False","","LeadScoring","6gt8a000000YFQoAAO"
"0O38a000000ogrxCAA","0","00000087","2023-05-27 01:05:22","0058a00000LLuwkAAD","2023-05-27 01:05:22","0058a00000LLuwkAAD","2023-05-27 01:05:22","Lead.TitleRank","","IS_EQUAL","VPLevel","-0.021","Lead.Title","","5","95acf38b-631b-4475-b680-68f10b999855","","","LeadScoring","6gt8a000000YFQoAAO"
"0O38a000000ogryCAA","0","00000088","2023-05-27 01:05:22","0058a00000LLuwkAAD","2023-05-27 01:05:22","0058a00000LLuwkAAD","2023-05-27 01:05:22","Lead.TitleRank","","IS_EQUAL","DirectorLevel","-0.022","Lead.Title","","5","9755c80a-8646-42b6-8ea7-e6ffaa8044a5","","","LeadScoring","6gt8a000000YFQoAAO"
"0O38a000000ogrzCAA","0","00000089","2023-05-27 01:05:22","0058a00000LLuwkAAD","2023-05-27 01:05:22","0058a00000LLuwkAAD","2023-05-27 01:05:22","TotalNumberOfTasks","","IS_EQUAL","Empty","-0.038","Task.Who","","5","c3b95658-e811-48cc-8ed1-9f72d206f8d2","No hay tareas","","LeadScoring","6gt8a000000YFQoAAO"
"0O38a000000ogs0CAA","0","00000090","2023-05-27 01:05:22","0058a00000LLuwkAAD","2023-05-27 01:05:22","0058a00000LLuwkAAD","2023-05-27 01:05:22","Lead.Country","","IS_EQUAL","other","-0.016","Lead.Country","","5","c78c0c7d-e4bd-43bf-aa89-59803d6cddbf","País es other","","LeadScoring","6gt8a000000YFQoAAO"
"0O38a000000ogs1CAA","0","00000091","2023-05-27 01:05:22","0058a00000LLuwkAAD","2023-05-27 01:05:22","0058a00000LLuwkAAD","2023-05-27 01:05:22","NumberOfFutureEvents","","IS_EQUAL","Empty","-0.052","Event.Who","","5","ca321a5e-2394-4a09-a9af-98324b2e88ce","No hay eventos futuros","","LeadScoring","6gt8a000000YFQoAAO"
"0O38a000000ogs2CAA","0","00000092","2023-05-27 01:05:22","0058a00000LLuwkAAD","2023-05-27 01:05:22","0058a00000LLuwkAAD","2023-05-27 01:05:22","TitleDepartment","","IS_EQUAL","Marketing","-0.015","Lead.Title","","5","d425da8b-661d-440b-af43-5e34f83e8fd4","Departamento detectado de Einstein es Marketing","","LeadScoring","6gt8a000000YFQoAAO"
