"Id","IsDeleted","Name","CurrencyIsoCode","CreatedDate","CreatedById","LastModifiedDate","LastModifiedById","SystemModstamp","UserId","Type","Key","Data","Version","TargetId","State"
"2hf8a000001rfSVAAY","0","0058a00000LLRsc:LEX_ADOPTION:ADOPTION_FEATURE","MXN","2022-06-01 17:56:07","0058a00000LLRscAAH","2023-09-01 01:33:40","0058a00000LLRscAAH","2023-09-01 01:33:40","0058a00000LLRscAAH","LEX_ADOPTION","ADOPTION_FEATURE","{""EinsteinSearchFeature"":{""version"":238.0,""prompts"":{""EinsteinSearchFeaturesEnabledAdminPopover"":{""lastSeen"":1671056000627,""seenCount"":2,""closed"":1671056004021,""orchestrationId"":""EinsteinSearchFeaturesEnabledAdminPopover"",""type"":""popover"",""version"":2}}},""RecycleBin"":{""version"":240.0,""prompts"":{""UserEducation"":{""lastSeen"":1674023808292,""seenCount"":2,""closed"":1674023814333,""orchestrationId"":""RecycleBinEducation"",""type"":""overlay"",""version"":1}}},""Experience"":{""version"":244.0,""custom"":{""switchToClassicCount"":2,""lastSwitchToClassic"":1693532012728,""switchToLexCount"":1,""lastSwitchToLex"":1693532020617}},""OnboardingManager"":{""version"":236.0,""custom"":{""lex_setup__service_mruPromptId"":""SimpleRecordHome"",""lex_06m8a000000tafmAAA_mruPromptId"":""NPSSurvey"",""lex_setup__all_mruPromptSeen"":1685756426684,""lab_AppPage_mruPromptId"":""DynamicFormsLocalizationLAB"",""Lightning_06m8a000000tafmAAA_mruPromptSeen"":1693531492402,""lex_06m8a000001ToL3AAK_mruPromptId"":""0bt8a000002f8YjAAI"",""numInteractablePrompts"":48,""Lightning_06m8a000000tafmAAA_mruPromptId"":""ProductSelectorQuickFilterPopover"",""lex_06m8a000000tafmAAA_mruPromptSeen"":1680291661533,""Lightning_setup__all_mruPromptSeen"":1691987955346,""Lightning_setup__service_mruPromptSeen"":1686935139265,""lex_06m8a000001ToL3AAK_mruPromptSeen"":1676065159591,""lex_setup__service_mruPromptSeen"":1672446149162,""Lightning_setup__service_mruPromptId"":""0bt8a000002mpFyAAI"",""lex_setup__all_mruPromptId"":""0bt8a000002fHzmAAE"",""lab_AppPage_mruPromptSeen"":1676065954270,""totalPromptsDisplayed"":57,""Lightning_setup__all_mruPromptId"":""0bt8a000002mpFyAAI""}},""density"":{""version"":236.0,""custom"":{""loggedInitial"":236.0}},""productSelector"":{""version"":244.0,""prompts"":{""QuickFilterPopover"":{""lastSeen"":1693531486345,""seenCount"":1,""closed"":1693531492402,""orchestrationId"":""ProductSelectorQuickFilterPopover"",""type"":""popover"",""version"":1}}},""lists"":{""version"":240.0,""prompts"":{""PinnedList"":{""lastSeen"":1672448171953,""seenCount"":1,""closed"":1672448173308,""orchestrationId"":""ListViewPinnedListPopover"",""type"":""popover"",""version"":1}}},""relatedLists"":{""version"":240.0,""prompts"":{""AdvancedGrid"":{""lastSeen"":1672447018425,""seenCount"":1,""closed"":1672447022033,""orchestrationId"":""RelatedListAdvancedGridPrompt"",""type"":""dockedComposer"",""version"":1,""custom"":{""setup"":true}},""QuickFilters"":{""lastSeen"":1673889590579,""seenCount"":1,""closed"":1673889591990,""orchestrationId"":""RelatedListQuickFiltersPopover"",""type"":""popover"",""version"":1}}},""surveys"":{""version"":242.0,""prompts"":{""nps"":{""lastSeen"":1680291631880,""seenCount"":2,""closed"":1680291661533,""orchestrationId"":""NPSSurvey"",""type"":""dockedComposer"",""version"":1,""custom"":{""seenCountOffset"":0,""versionLastSeen"":242}}}},""records"":{""version"":240.0,""prompts"":{""simpleRecord"":{""lastSeen"":1672446146060,""seenCount"":2,""closed"":1672446149161,""orchestrationId"":""SimpleRecordHome"",""type"":""dockedComposer"",""version"":1}}},""consoleNav"":{""version"":240.0,""prompts"":{""AppNavMenuPrompt"":{""lastSeen"":1671828114621,""seenCount"":1,""closed"":1671828116078,""orchestrationId"":""AppNavMenuPopover"",""type"":""popover"",""version"":1}}},""stdNavFeature"":{""version"":240.0,""prompts"":{""appNavPrompt"":{""lastSeen"":1673889265257,""seenCount"":1,""closed"":1673889268340,""orchestrationId"":""AppNavDocked"",""type"":""dockedComposer"",""version"":1}}},""IncidentManagement"":{""version"":238.0,""prompts"":{""IncidentManagementSetupPrompt"":{""lastSeen"":1670265464927,""seenCount"":3,""closed"":1670265479514,""orchestrationId"":""IncidentManagementSetupPrompt"",""type"":""overlay"",""version"":1}}},""lightningOnMobile"":{""version"":238.0,""prompts"":{""MobileAppSmartNudge"":{""lastSeen"":1656443137293,""seenCount"":1,""closed"":1656443212059,""orchestrationId"":""MobileAppSmartNudge"",""type"":""dockedComposer"",""version"":1}}},""dynamicFormsLocalization"":{""version"":242.0,""prompts"":{""DynamicFormsLocalizationLAB"":{""lastSeen"":1676065952248,""seenCount"":1,""closed"":1676065954270,""orchestrationId"":""DynamicFormsLocalizationLAB"",""type"":""dockedComposer"",""version"":2}}},""IdeaExchangeReimagined"":{""version"":236.0,""prompts"":{""Prioritization"":{""lastSeen"":1675661677664,""seenCount"":3,""closed"":1675661720466,""orchestrationId"":""IdeaExchangePrioritization"",""type"":""overlay"",""version"":9}}},""TerritoryMaps"":{""version"":240.0,""prompts"":{""ExploreMaps"":{""lastSeen"":1673903891755,""seenCount"":5,""closed"":1673903895178,""orchestrationId"":""TerritoryMapsDockedPrompt"",""type"":""dockedComposer"",""version"":1}}},""LearningSidebar"":{""version"":236.0,""prompts"":{""IntroLaunch"":{""lastSeen"":1654106173443,""seenCount"":1,""closed"":1654106181354,""orchestrationId"":""LearningSidebarIntroLaunch"",""type"":""popover"",""version"":1}}},""GuidanceCenter"":{""version"":240.0,""prompts"":{""GuidanceCenterAdminWalkthrough"":{""lastSeen"":1670612424861,""seenCount"":1,""orchestrationId"":""GuidanceCenterAdminWalkthroughStep1"",""stepCount"":2,""stepNumber"":1,""type"":""walkthrough"",""version"":1}}},""PipelineInspection"":{""version"":236.0,""prompts"":{""WelcomeMat"":{""lastSeen"":1671055720213,""seenCount"":10,""closed"":1671055726659,""orchestrationId"":""PipelineInspectionWelcomeMat"",""type"":""modal"",""version"":1,""custom"":{""reminderDuration"":86400000,""reminderClickedTimestamp"":1656443123081}}}},""guardrailsPerf"":{""version"":240.0,""prompts"":{""heavyPages"":{""lastSeen"":1674778645441,""seenCount"":1,""orchestrationId"":""HeavyPages"",""type"":""dockedComposer"",""version"":1}}},""GrowthIntelligence"":{""version"":240.0,""prompts"":{""MacroCaseManagementSidepanel"":{""closed"":1673637032851,""type"":""walkthrough"",""version"":1}}}}","1","","139.0"
"2hf8a000001sEWqAAM","0","0058a00000LN8cx:LEX_ADOPTION:ADOPTION_FEATURE","MXN","2022-06-02 14:35:02","0058a00000LN8cxAAD","2023-01-16 18:40:27","0058a00000LN8cxAAD","2023-01-16 18:40:27","0058a00000LN8cxAAD","LEX_ADOPTION","ADOPTION_FEATURE","{""EinsteinSearchFeature"":{""version"":238.0,""prompts"":{""EinsteinSearchFeaturesEnabledAdminPopover"":{""lastSeen"":1669931436109,""seenCount"":2,""closed"":1669931438093,""orchestrationId"":""EinsteinSearchFeaturesEnabledAdminPopover"",""type"":""popover"",""version"":2}}},""RecycleBin"":{""version"":240.0,""prompts"":{""UserEducation"":{""lastSeen"":1671727802650,""seenCount"":2,""closed"":1671061569481,""orchestrationId"":""RecycleBinEducation"",""type"":""overlay"",""version"":1}}},""Experience"":{""version"":238.0,""custom"":{""switchToClassicCount"":1,""lastSwitchToClassic"":1655829683059}},""OnboardingManager"":{""version"":236.0,""custom"":{""lex_06m8a000000tafmAAA_mruPromptId"":""MacroCaseManagementSidepanel"",""lex_setup__all_mruPromptSeen"":1673894427397,""flowbuilder_mruPromptSeen"":1669934464813,""lex_06m8a000001ToL3AAK_mruPromptId"":""0bt8a000002f8YjAAI"",""numInteractedPrompts"":2,""lab_RecordPage_mruPromptId"":""LightningOnMobileLAB"",""numInteractablePrompts"":21,""lab_HomePage_mruPromptSeen"":1671512566254,""lex_06m8a000000tafmAAA_mruPromptSeen"":1673894406764,""lab_RecordPage_mruPromptSeen"":1671561871099,""lab_HomePage_mruPromptId"":""DynamicFormsLocalizationLAB"",""lex_06m8a000001ToL3AAK_mruPromptSeen"":1670258287527,""flowbuilder_mruPromptId"":""LeftPanelTogglePopover"",""lex_setup__all_mruPromptId"":""0bt8a0000006lnaAAA"",""totalPromptsDisplayed"":28}},""density"":{""version"":236.0,""custom"":{""loggedInitial"":236.0}},""lists"":{""version"":240.0,""prompts"":{""PinnedList"":{""lastSeen"":1670613699706,""seenCount"":1,""orchestrationId"":""ListViewPinnedListPopover"",""type"":""popover"",""version"":1}}},""relatedLists"":{""version"":240.0,""prompts"":{""QuickFilters"":{""lastSeen"":1671140821672,""seenCount"":1,""closed"":1671140825108,""orchestrationId"":""RelatedListQuickFiltersPopover"",""type"":""popover"",""version"":1}}},""surveys"":{""version"":240.0,""prompts"":{""nps"":{""lastSeen"":1670018642502,""seenCount"":1,""closed"":1670018646570,""orchestrationId"":""NPSSurvey"",""type"":""dockedComposer"",""version"":1,""custom"":{""seenCountOffset"":0,""versionLastSeen"":240}}}},""records"":{""version"":240.0,""prompts"":{""simpleRecord"":{""lastSeen"":1670219264785,""seenCount"":1,""closed"":1670219268218,""orchestrationId"":""SimpleRecordHome"",""type"":""dockedComposer"",""version"":1}}},""consoleNav"":{""version"":240.0,""prompts"":{""AppNavMenuPrompt"":{""lastSeen"":1670339300338,""seenCount"":1,""closed"":1670339302145,""orchestrationId"":""AppNavMenuPopover"",""type"":""popover"",""version"":1}}},""IncidentManagement"":{""version"":238.0,""prompts"":{""IncidentManagementSetupPrompt"":{""lastSeen"":1670512855450,""seenCount"":3,""orchestrationId"":""IncidentManagementSetupPrompt"",""type"":""overlay"",""version"":1}}},""lightningOnMobile"":{""version"":236.0,""prompts"":{""MobileAppSmartNudge"":{""lastSeen"":1654268229476,""seenCount"":1,""orchestrationId"":""MobileAppSmartNudge"",""type"":""dockedComposer"",""version"":1},""lightningOnMobileLAB"":{""lastSeen"":1671561868497,""seenCount"":1,""closed"":1671561871099,""orchestrationId"":""LightningOnMobileLAB"",""type"":""dockedComposer"",""version"":2}}},""dynamicFormsLocalization"":{""version"":240.0,""prompts"":{""DynamicFormsLocalizationLAB"":{""lastSeen"":1671512558042,""seenCount"":1,""closed"":1671512566254,""orchestrationId"":""DynamicFormsLocalizationLAB"",""type"":""dockedComposer"",""version"":2}}},""IdeaExchangeReimagined"":{""version"":236.0,""prompts"":{""Prioritization"":{""lastSeen"":1654180508960,""seenCount"":1,""closed"":1654180518755,""orchestrationId"":""IdeaExchangePrioritization"",""type"":""overlay"",""version"":6}}},""TerritoryMaps"":{""version"":240.0,""prompts"":{""ExploreMaps"":{""lastSeen"":1671480481939,""seenCount"":4,""closed"":1671480496777,""engaged"":1671480492976,""orchestrationId"":""TerritoryMapsDockedPrompt"",""type"":""dockedComposer"",""version"":1}}},""LearningSidebar"":{""version"":236.0,""prompts"":{""IntroLaunch"":{""lastSeen"":1654180520300,""seenCount"":1,""closed"":1654180522558,""orchestrationId"":""LearningSidebarIntroLaunch"",""type"":""popover"",""version"":1}}},""GuidanceCenter"":{""version"":240.0,""prompts"":{""GuidanceCenterAdminWalkthrough"":{""lastSeen"":1669760528684,""seenCount"":1,""orchestrationId"":""GuidanceCenterAdminWalkthroughStep1"",""stepCount"":2,""stepNumber"":1,""type"":""walkthrough"",""version"":1}}},""PipelineInspection"":{""version"":236.0,""prompts"":{""WelcomeMat"":{""lastSeen"":1659399882514,""seenCount"":4,""closed"":1659399887870,""engaged"":1659399885785,""orchestrationId"":""PipelineInspectionWelcomeMat"",""type"":""modal"",""version"":1,""custom"":{""reminderDuration"":10800000,""reminderClickedTimestamp"":1654181088015}}}},""GrowthIntelligence"":{""version"":240.0,""prompts"":{""MacroCaseManagementSidepanel"":{""closed"":1673894406764,""type"":""walkthrough"",""version"":1}}},""FlowBuilder"":{""version"":240.0,""prompts"":{""LeftPanelTogglePopover"":{""lastSeen"":1669934464813,""seenCount"":1,""orchestrationId"":""LeftPanelTogglePopover"",""type"":""popover"",""version"":1}}}}","1","","67.0"
"2hf8a000002alhpAAA","0","0058a00000M0S7n:LEX_ADOPTION:ADOPTION_FEATURE","MXN","2023-06-16 17:09:31","0058a00000M0S7nAAF","2023-06-16 17:09:38","0058a00000M0S7nAAF","2023-06-16 17:09:38","0058a00000M0S7nAAF","LEX_ADOPTION","ADOPTION_FEATURE","{""OnboardingManager"":{""version"":244.0,""custom"":{""Lightning_06m8a000000tafmAAA_mruPromptId"":""LightningConversion"",""Lightning_06m8a000000tafmAAA_mruPromptSeen"":1686935374951,""totalPromptsDisplayed"":1}},""density"":{""version"":244.0,""custom"":{""loggedInitial"":244.0}},""lightningConversion"":{""version"":244.0,""prompts"":{""WelcomeMat"":{""lastSeen"":1686935369387,""seenCount"":1,""closed"":1686935374951,""orchestrationId"":""LightningConversion"",""type"":""modal"",""version"":1}}}}","1","","2.0"
"2hf8a000002an2UAAQ","0","0058a00000Mlc6S:LEX_ADOPTION:ADOPTION_FEATURE","USD","2023-06-28 20:43:12","0058a00000Mlc6SAAR","2023-08-23 22:43:04","0058a00000Mlc6SAAR","2023-08-23 22:43:04","0058a00000Mlc6SAAR","LEX_ADOPTION","ADOPTION_FEATURE","{""EinsteinSearchFeature"":{""version"":244.0,""prompts"":{""EinsteinSearchUserPopover"":{""lastSeen"":1689281498042,""seenCount"":2,""closed"":1689281502822,""orchestrationId"":""EinsteinSearchUserPopover"",""type"":""popover"",""version"":2}}},""OnboardingManager"":{""version"":244.0,""custom"":{""Lightning_06m8a000000tafmAAA_mruPromptId"":""RelatedListQuickFiltersPopover"",""Lightning_06m8a000000tafmAAA_mruPromptSeen"":1692830584636,""numInteractablePrompts"":1,""totalPromptsDisplayed"":6}},""density"":{""version"":244.0,""custom"":{""loggedInitial"":244.0}},""lightningConversion"":{""version"":244.0,""prompts"":{""WelcomeMat"":{""lastSeen"":1687984993712,""seenCount"":1,""closed"":1687985002815,""orchestrationId"":""LightningConversion"",""type"":""modal"",""version"":1}}},""lists"":{""version"":244.0,""prompts"":{""PinnedList"":{""lastSeen"":1690832686364,""seenCount"":1,""closed"":1690832689408,""orchestrationId"":""ListViewPinnedListPopover"",""type"":""popover"",""version"":1}}},""relatedLists"":{""version"":244.0,""prompts"":{""QuickFilters"":{""lastSeen"":1692830582676,""seenCount"":1,""closed"":1692830584636,""orchestrationId"":""RelatedListQuickFiltersPopover"",""type"":""popover"",""version"":1}}},""lightningOnMobile"":{""version"":244.0,""prompts"":{""MobileAppSmartNudge"":{""lastSeen"":1688404368588,""seenCount"":1,""closed"":1688404659702,""orchestrationId"":""MobileAppSmartNudge"",""type"":""dockedComposer"",""version"":1}}}}","1","","12.0"
"2hf8a000002ar37AAA","0","0058a00000MNWuD:MAILAPP:MAILAPP","MXN","2023-07-27 21:15:19","0058a00000MNWuDAAX","2023-07-27 21:15:19","0058a00000MNWuDAAX","2023-07-27 21:15:19","0058a00000MNWuDAAX","MAILAPP","MAILAPP","{""features"":{""logReminder"":{""toggleState"":true}}}","1","","0"
"2hf8a000002jkm9AAA","0","0058a00000MNWtZ:LEX_ADOPTION:ADOPTION_FEATURE","PEN","2022-12-01 22:55:29","0058a00000MNWtZAAX","2023-07-21 15:02:46","0058a00000MNWtZAAX","2023-07-21 15:02:46","0058a00000MNWtZAAX","LEX_ADOPTION","ADOPTION_FEATURE","{""EinsteinSearchFeature"":{""version"":240.0,""prompts"":{""EinsteinSearchUserPopover"":{""lastSeen"":1671746840204,""seenCount"":2,""closed"":1671746842781,""orchestrationId"":""EinsteinSearchUserPopover"",""type"":""popover"",""version"":2}}},""RecycleBin"":{""version"":242.0,""prompts"":{""UserEducation"":{""lastSeen"":1680539299604,""seenCount"":2,""closed"":1680539306074,""orchestrationId"":""RecycleBinEducation"",""type"":""overlay"",""version"":1}}},""OnboardingManager"":{""version"":240.0,""custom"":{""lex_06m8a000001ToL3AAK_mruPromptSeen"":1673537508914,""lex_06m8a000000tafmAAA_mruPromptId"":""RecycleBinEducation"",""Lightning_06m8a000000tafmAAA_mruPromptSeen"":1689951764647,""lex_06m8a000001ToL3AAK_mruPromptId"":""MacroCaseManagementSidepanel"",""numInteractablePrompts"":3,""Lightning_06m8a000000tafmAAA_mruPromptId"":""NPSSurvey"",""lex_06m8a000000tafmAAA_mruPromptSeen"":1680539306075,""totalPromptsDisplayed"":12}},""density"":{""version"":240.0,""custom"":{""loggedInitial"":240.0}},""lightningConversion"":{""version"":240.0,""prompts"":{""WelcomeMat"":{""lastSeen"":1669935332973,""seenCount"":1,""closed"":1669935354696,""orchestrationId"":""LightningConversion"",""type"":""modal"",""version"":1}}},""lists"":{""version"":240.0,""prompts"":{""PinnedList"":{""lastSeen"":1671575305195,""seenCount"":1,""closed"":1671575307860,""orchestrationId"":""ListViewPinnedListPopover"",""type"":""popover"",""version"":1}}},""relatedLists"":{""version"":240.0,""prompts"":{""QuickFilters"":{""lastSeen"":1671469189964,""seenCount"":1,""closed"":1671469191772,""orchestrationId"":""RelatedListQuickFiltersPopover"",""type"":""popover"",""version"":1}}},""surveys"":{""version"":244.0,""prompts"":{""nps"":{""lastSeen"":1689951761829,""seenCount"":1,""closed"":1689951764647,""orchestrationId"":""NPSSurvey"",""type"":""dockedComposer"",""version"":1,""custom"":{""seenCountOffset"":0,""versionLastSeen"":244}}}},""consoleNav"":{""version"":240.0,""prompts"":{""AppNavMenuPrompt"":{""lastSeen"":1671057628719,""seenCount"":1,""closed"":1671057631056,""orchestrationId"":""AppNavMenuPopover"",""type"":""popover"",""version"":1}}},""stdNavFeature"":{""version"":240.0,""prompts"":{""appNavPrompt"":{""lastSeen"":1671747035487,""seenCount"":1,""closed"":1671747262183,""orchestrationId"":""AppNavDocked"",""type"":""dockedComposer"",""version"":1}}},""lightningOnMobile"":{""version"":240.0,""prompts"":{""MobileAppSmartNudge"":{""lastSeen"":1670259318373,""seenCount"":1,""closed"":1670259321556,""orchestrationId"":""MobileAppSmartNudge"",""type"":""dockedComposer"",""version"":1}}},""GrowthIntelligence"":{""version"":240.0,""prompts"":{""MacroCaseManagementSidepanel"":{""closed"":1673537508914,""type"":""walkthrough"",""version"":1}}}}","1","","23.0"
"2hf8a000002jkmEAAQ","0","0058a00000MNWtP:LEX_ADOPTION:ADOPTION_FEATURE","MXN","2022-12-01 22:57:54","0058a00000MNWtPAAX","2023-03-17 17:44:18","0058a00000MNWtPAAX","2023-03-17 17:44:18","0058a00000MNWtPAAX","LEX_ADOPTION","ADOPTION_FEATURE","{""EinsteinSearchFeature"":{""version"":240.0,""prompts"":{""EinsteinSearchUserPopover"":{""lastSeen"":1674507042485,""seenCount"":2,""closed"":1674507057356,""orchestrationId"":""EinsteinSearchUserPopover"",""type"":""popover"",""version"":2}}},""OnboardingManager"":{""version"":240.0,""custom"":{""lex_06m8a000001ToLJAA0_mruPromptId"":""NPSSurvey"",""lex_06m8a000001ToL3AAK_mruPromptSeen"":1675981443230,""lex_06m8a000001ToL3AAK_mruPromptId"":""RelatedListQuickFiltersPopover"",""lex_06m8a000001ToLJAA0_mruPromptSeen"":1679075056103,""numInteractablePrompts"":1,""totalPromptsDisplayed"":9}},""density"":{""version"":240.0,""custom"":{""loggedInitial"":240.0}},""lightningConversion"":{""version"":240.0,""prompts"":{""WelcomeMat"":{""lastSeen"":1669935475893,""seenCount"":1,""closed"":1669941116625,""orchestrationId"":""LightningConversion"",""type"":""modal"",""version"":1}}},""lists"":{""version"":240.0,""prompts"":{""PinnedList"":{""lastSeen"":1675105289903,""seenCount"":1,""closed"":1675105301603,""orchestrationId"":""ListViewPinnedListPopover"",""type"":""popover"",""version"":1}}},""relatedLists"":{""version"":242.0,""prompts"":{""QuickFilters"":{""lastSeen"":1675981440155,""seenCount"":1,""closed"":1675981443230,""orchestrationId"":""RelatedListQuickFiltersPopover"",""type"":""popover"",""version"":1}}},""surveys"":{""version"":242.0,""prompts"":{""nps"":{""lastSeen"":1679075046956,""seenCount"":1,""closed"":1679075056103,""orchestrationId"":""NPSSurvey"",""type"":""dockedComposer"",""version"":1,""custom"":{""seenCountOffset"":0,""versionLastSeen"":242}}}},""stdNavFeature"":{""version"":240.0,""prompts"":{""appNavPrompt"":{""lastSeen"":1675286189737,""seenCount"":1,""closed"":1675286191958,""orchestrationId"":""AppNavDocked"",""type"":""dockedComposer"",""version"":1}}},""lightningOnMobile"":{""version"":240.0,""prompts"":{""MobileAppSmartNudge"":{""lastSeen"":1672168242699,""seenCount"":1,""closed"":1672168250473,""orchestrationId"":""MobileAppSmartNudge"",""type"":""dockedComposer"",""version"":1}}},""GrowthIntelligence"":{""version"":240.0,""prompts"":{""MacroCaseManagementSidepanel"":{""closed"":1673570059391,""type"":""walkthrough"",""version"":1}}}}","1","","17.0"
"2hf8a000002jkmOAAQ","0","0058a00000MNWuD:LEX_ADOPTION:ADOPTION_FEATURE","USD","2022-12-02 00:33:15","0058a00000MNWuDAAX","2023-07-24 15:13:10","0058a00000MNWuDAAX","2023-07-24 15:13:10","0058a00000MNWuDAAX","LEX_ADOPTION","ADOPTION_FEATURE","{""EinsteinSearchFeature"":{""version"":240.0,""prompts"":{""EinsteinSearchUserPopover"":{""lastSeen"":1671670298255,""seenCount"":2,""closed"":1671670315627,""orchestrationId"":""EinsteinSearchUserPopover"",""type"":""popover"",""version"":2},""EinsteinSearchFeaturesEnabledAdminPopover"":{""lastSeen"":1674663123284,""seenCount"":2,""closed"":1674663124962,""orchestrationId"":""EinsteinSearchFeaturesEnabledAdminPopover"",""type"":""popover"",""version"":2}}},""RecycleBin"":{""version"":240.0,""prompts"":{""UserEducation"":{""lastSeen"":1674660389692,""seenCount"":2,""closed"":1674660401951,""orchestrationId"":""RecycleBinEducation"",""type"":""overlay"",""version"":1}}},""OnboardingManager"":{""version"":240.0,""custom"":{""lex_06m8a000000tafmAAA_mruPromptId"":""DensityDocked"",""lex_setup__all_mruPromptSeen"":1684439253027,""Lightning_06m8a000000tafmAAA_mruPromptSeen"":1690211590523,""flowbuilder_mruPromptSeen"":1673460696439,""lex_06m8a000001ToL3AAK_mruPromptId"":""LightningConversion"",""lex_06m8a000001ToLNAA0_mruPromptSeen"":1676171656913,""numInteractedPrompts"":2,""numInteractablePrompts"":37,""lex_06m8a000001ToLLAA0_mruPromptSeen"":1676171381465,""Lightning_06m8a000000tafmAAA_mruPromptId"":""NPSSurvey"",""lex_06m8a000001ToLHAA0_mruPromptId"":""EinsteinSearchFeaturesEnabledAdminPopover"",""lex_06m8a000000tafmAAA_mruPromptSeen"":1676140590726,""lex_06m8a000001ToLNAA0_mruPromptId"":""CmsWelcomeMat"",""Lightning_setup__all_mruPromptSeen"":1689026603398,""lex_06m8a000001ToLLAA0_mruPromptId"":""AppNavDocked"",""lex_06m8a000001ToL3AAK_mruPromptSeen"":1669941211895,""flowbuilder_mruPromptId"":""LeftPanelTogglePopover"",""lex_06m8a000001ToLHAA0_mruPromptSeen"":1673921258677,""lex_setup__all_mruPromptId"":""0bt8a000002fHzmAAE"",""totalPromptsDisplayed"":48,""Lightning_setup__all_mruPromptId"":""0bt8a0000006lnSAAQ""}},""density"":{""version"":240.0,""prompts"":{""docked"":{""lastSeen"":1676140590726,""seenCount"":1,""engaged"":1676140598083,""orchestrationId"":""DensityDocked"",""type"":""dockedComposer"",""version"":2}},""custom"":{""loggedInitial"":240.0}},""lightningConversion"":{""version"":240.0,""prompts"":{""WelcomeMat"":{""lastSeen"":1669941201422,""seenCount"":1,""closed"":1669941211895,""orchestrationId"":""LightningConversion"",""type"":""modal"",""version"":1}}},""lists"":{""version"":240.0,""prompts"":{""PinnedList"":{""lastSeen"":1671461996566,""seenCount"":1,""closed"":1671461998247,""orchestrationId"":""ListViewPinnedListPopover"",""type"":""popover"",""version"":1}}},""relatedLists"":{""version"":240.0,""prompts"":{""QuickFilters"":{""lastSeen"":1671561411761,""seenCount"":1,""closed"":1671561414178,""orchestrationId"":""RelatedListQuickFiltersPopover"",""type"":""popover"",""version"":1}}},""surveys"":{""version"":244.0,""prompts"":{""nps"":{""lastSeen"":1690211554337,""seenCount"":1,""closed"":1690211590523,""orchestrationId"":""NPSSurvey"",""type"":""dockedComposer"",""version"":1,""custom"":{""seenCountOffset"":0,""versionLastSeen"":244}}}},""records"":{""version"":240.0,""prompts"":{""simpleRecord"":{""closed"":1671468911107,""type"":""dockedComposer"",""version"":1}}},""consoleNav"":{""version"":240.0,""prompts"":{""AppNavMenuPrompt"":{""lastSeen"":1671200486954,""seenCount"":1,""closed"":1671200487112,""orchestrationId"":""AppNavMenuPopover"",""type"":""popover"",""version"":1}}},""stdNavFeature"":{""version"":242.0,""prompts"":{""appNavPrompt"":{""lastSeen"":1676171376939,""seenCount"":1,""closed"":1676171381465,""orchestrationId"":""AppNavDocked"",""type"":""dockedComposer"",""version"":1}}},""IncidentManagement"":{""version"":240.0,""prompts"":{""IncidentManagementSetupPrompt"":{""lastSeen"":1674846718387,""seenCount"":3,""closed"":1674846730713,""orchestrationId"":""IncidentManagementSetupPrompt"",""type"":""overlay"",""version"":1}}},""lightningOnMobile"":{""version"":240.0,""prompts"":{""MobileAppSmartNudge"":{""lastSeen"":1669941231649,""seenCount"":1,""closed"":1669941235603,""orchestrationId"":""MobileAppSmartNudge"",""type"":""dockedComposer"",""version"":1}}},""cms"":{""version"":242.0,""prompts"":{""WelcomeMat"":{""lastSeen"":1676171653235,""seenCount"":1,""closed"":1676171656913,""orchestrationId"":""CmsWelcomeMat"",""type"":""modal"",""version"":1}}},""IdeaExchangeReimagined"":{""version"":240.0,""prompts"":{""Prioritization"":{""lastSeen"":1675653288091,""seenCount"":3,""closed"":1675653291097,""orchestrationId"":""IdeaExchangePrioritization"",""type"":""overlay"",""version"":9}}},""TerritoryMaps"":{""version"":240.0,""prompts"":{""ExploreMaps"":{""lastSeen"":1677696551502,""seenCount"":5,""closed"":1677696560163,""orchestrationId"":""TerritoryMapsDockedPrompt"",""type"":""dockedComposer"",""version"":1}}},""GuidanceCenter"":{""version"":240.0,""prompts"":{""GuidanceCenterAdminWalkthrough"":{""lastSeen"":1673903692905,""seenCount"":1,""orchestrationId"":""GuidanceCenterAdminWalkthroughStep1"",""stepCount"":2,""stepNumber"":1,""type"":""walkthrough"",""version"":1}}},""PipelineInspection"":{""version"":240.0,""prompts"":{""WelcomeMat"":{""lastSeen"":1674758050600,""seenCount"":10,""closed"":1674758052519,""orchestrationId"":""PipelineInspectionWelcomeMat"",""type"":""modal"",""version"":1}}},""guardrailsPerf"":{""version"":240.0,""prompts"":{""heavyPages"":{""lastSeen"":1675195242560,""seenCount"":1,""closed"":1675195328296,""orchestrationId"":""HeavyPages"",""type"":""dockedComposer"",""version"":1}}},""GrowthIntelligence"":{""version"":240.0,""prompts"":{""MacroCaseManagementSidepanel"":{""closed"":1673615320501,""type"":""walkthrough"",""version"":1}}},""FlowBuilder"":{""version"":240.0,""prompts"":{""LeftPanelTogglePopover"":{""lastSeen"":1673460696439,""seenCount"":1,""orchestrationId"":""LeftPanelTogglePopover"",""type"":""popover"",""version"":1}}}}","1","","101.0"
"2hf8a000002jkp3AAA","0","0058a00000MNWtj:LEX_ADOPTION:ADOPTION_FEATURE","MXN","2022-12-02 19:16:30","0058a00000MNWtjAAH","2023-03-07 18:22:24","0058a00000MNWtjAAH","2023-03-07 18:22:24","0058a00000MNWtjAAH","LEX_ADOPTION","ADOPTION_FEATURE","{""EinsteinSearchFeature"":{""version"":240.0,""prompts"":{""EinsteinSearchUserPopover"":{""lastSeen"":1672175783833,""seenCount"":2,""closed"":1672175784512,""orchestrationId"":""EinsteinSearchUserPopover"",""type"":""popover"",""version"":2},""EinsteinSearchFeaturesEnabledAdminPopover"":{""lastSeen"":1672334422837,""seenCount"":1,""closed"":1672334455882,""orchestrationId"":""EinsteinSearchFeaturesEnabledAdminPopover"",""type"":""popover"",""version"":2}}},""Experience"":{""version"":240.0,""custom"":{""lastSwitchToLex"":1670266696726,""switchToLexCount"":2}},""OnboardingManager"":{""version"":240.0,""custom"":{""lex_06m8a000000tafmAAA_mruPromptId"":""MacroCaseManagementSidepanel"",""numInteractablePrompts"":2,""lex_06m8a000001ToLLAA0_mruPromptSeen"":1678213344968,""lex_06m8a000000tafmAAA_mruPromptSeen"":1674585832831,""lex_06m8a000001ToLLAA0_mruPromptId"":""AppNavDocked"",""totalPromptsDisplayed"":8}},""density"":{""version"":240.0,""custom"":{""loggedInitial"":240.0}},""lightningConversion"":{""version"":240.0,""prompts"":{""WelcomeMat"":{""lastSeen"":1670008591279,""seenCount"":1,""orchestrationId"":""LightningConversion"",""type"":""modal"",""version"":1}}},""lists"":{""version"":240.0,""prompts"":{""PinnedList"":{""lastSeen"":1671587266951,""seenCount"":1,""closed"":1671587269906,""orchestrationId"":""ListViewPinnedListPopover"",""type"":""popover"",""version"":1}}},""consoleNav"":{""version"":240.0,""prompts"":{""AppNavMenuPrompt"":{""lastSeen"":1671480193899,""seenCount"":1,""closed"":1671480195210,""orchestrationId"":""AppNavMenuPopover"",""type"":""popover"",""version"":1}}},""stdNavFeature"":{""version"":242.0,""prompts"":{""appNavPrompt"":{""lastSeen"":1678213321897,""seenCount"":1,""closed"":1678213344968,""orchestrationId"":""AppNavDocked"",""type"":""dockedComposer"",""version"":1}}},""lightningOnMobile"":{""version"":240.0,""prompts"":{""MobileAppSmartNudge"":{""lastSeen"":1670257172971,""seenCount"":1,""closed"":1670257176087,""orchestrationId"":""MobileAppSmartNudge"",""type"":""dockedComposer"",""version"":1}}},""GrowthIntelligence"":{""version"":240.0,""prompts"":{""MacroCaseManagementSidepanel"":{""closed"":1674585832831,""type"":""walkthrough"",""version"":1}}}}","1","","18.0"
"2hf8a000002jlSAAAY","0","0058a00000MNWtK:LEX_ADOPTION:ADOPTION_FEATURE","USD","2022-12-19 14:53:17","0058a00000MNWtKAAX","2023-07-27 16:00:32","0058a00000MNWtKAAX","2023-07-27 16:00:32","0058a00000MNWtKAAX","LEX_ADOPTION","ADOPTION_FEATURE","{""EinsteinSearchFeature"":{""version"":240.0,""prompts"":{""EinsteinSearchUserPopover"":{""lastSeen"":1673018557295,""seenCount"":2,""closed"":1673018614357,""orchestrationId"":""EinsteinSearchUserPopover"",""type"":""popover"",""version"":2}}},""RecycleBin"":{""version"":240.0,""prompts"":{""UserEducation"":{""lastSeen"":1676060679124,""seenCount"":2,""closed"":1676060687063,""engaged"":1676060687063,""orchestrationId"":""RecycleBinEducation"",""type"":""overlay"",""version"":1}}},""OnboardingManager"":{""version"":240.0,""custom"":{""lex_06m8a000001ToL3AAK_mruPromptSeen"":1674774181152,""lex_06m8a000000tafmAAA_mruPromptId"":""ProductSelectorQuickFilterPopover"",""Lightning_06m8a000000tafmAAA_mruPromptSeen"":1690473631993,""lex_06m8a000001ToL3AAK_mruPromptId"":""AppNavDocked"",""numInteractedPrompts"":1,""lex_06m8a000001ToLNAA0_mruPromptSeen"":1676976173773,""numInteractablePrompts"":6,""Lightning_06m8a000000tafmAAA_mruPromptId"":""NPSSurvey"",""lex_06m8a000000tafmAAA_mruPromptSeen"":1679501805202,""lex_06m8a000001ToLNAA0_mruPromptId"":""CmsWelcomeMat"",""totalPromptsDisplayed"":16}},""density"":{""version"":240.0,""prompts"":{""docked"":{""lastSeen"":1674305686598,""seenCount"":1,""closed"":1674305691900,""orchestrationId"":""DensityDocked"",""type"":""dockedComposer"",""version"":2}},""custom"":{""loggedInitial"":240.0}},""productSelector"":{""version"":242.0,""prompts"":{""QuickFilterPopover"":{""lastSeen"":1679501803127,""seenCount"":1,""closed"":1679501805202,""orchestrationId"":""ProductSelectorQuickFilterPopover"",""type"":""popover"",""version"":1}}},""lightningConversion"":{""version"":240.0,""prompts"":{""WelcomeMat"":{""lastSeen"":1671461597700,""seenCount"":1,""closed"":1671461610127,""orchestrationId"":""LightningConversion"",""type"":""modal"",""version"":1}}},""lists"":{""version"":240.0,""prompts"":{""PinnedList"":{""lastSeen"":1673123172616,""seenCount"":1,""orchestrationId"":""ListViewPinnedListPopover"",""type"":""popover"",""version"":1}}},""relatedLists"":{""version"":240.0,""prompts"":{""QuickFilters"":{""lastSeen"":1674073951557,""seenCount"":1,""closed"":1674073956199,""orchestrationId"":""RelatedListQuickFiltersPopover"",""type"":""popover"",""version"":1}}},""surveys"":{""version"":242.0,""prompts"":{""nps"":{""lastSeen"":1690473620658,""seenCount"":2,""closed"":1690473631993,""orchestrationId"":""NPSSurvey"",""type"":""dockedComposer"",""version"":1,""custom"":{""seenCountOffset"":1,""versionLastSeen"":244}}}},""consoleNav"":{""version"":240.0,""prompts"":{""AppNavMenuPrompt"":{""lastSeen"":1672172439884,""seenCount"":1,""closed"":1672172441051,""orchestrationId"":""AppNavMenuPopover"",""type"":""popover"",""version"":1}}},""stdNavFeature"":{""version"":240.0,""prompts"":{""appNavPrompt"":{""lastSeen"":1674774179099,""seenCount"":1,""closed"":1674774181152,""orchestrationId"":""AppNavDocked"",""type"":""dockedComposer"",""version"":1}}},""lightningOnMobile"":{""version"":240.0,""prompts"":{""MobileAppSmartNudge"":{""lastSeen"":1671462846720,""seenCount"":1,""closed"":1671462850005,""orchestrationId"":""MobileAppSmartNudge"",""type"":""dockedComposer"",""version"":1}}},""cms"":{""version"":242.0,""prompts"":{""WelcomeMat"":{""lastSeen"":1676976171252,""seenCount"":1,""closed"":1676976173773,""orchestrationId"":""CmsWelcomeMat"",""type"":""modal"",""version"":1}}},""GuidanceCenter"":{""version"":240.0,""prompts"":{""GuidanceCenterEndUserWalkthrough"":{""lastSeen"":1674773594799,""seenCount"":1,""orchestrationId"":""GuidanceCenterEndUserWalkthroughStep1"",""stepCount"":1,""stepNumber"":1,""type"":""walkthrough"",""version"":1}}},""GrowthIntelligence"":{""version"":240.0,""prompts"":{""MacroCaseManagementSidepanel"":{""closed"":1673973638975,""type"":""walkthrough"",""version"":1}}}}","1","","32.0"
"2hf8a000002jlXjAAI","0","0058a00000LN8cx:FEEDS:FEEDS_PREFS","PEN","2022-12-20 19:18:51","0058a00000LN8cxAAD","2022-12-20 19:18:51","0058a00000LN8cxAAD","2022-12-20 19:18:51","0058a00000LN8cxAAD","FEEDS","FEEDS_PREFS","{""sortOrderByFeedType"":{""RECORD006"":""CreatedDateDesc""},""densityFilterByFeedType"":{},""feedFilterByFeedType"":{}}","1","","0"
"2hf8a000002jlZBAAY","0","0058a00000MNWte:LEX_ADOPTION:ADOPTION_FEATURE","COP","2022-12-21 01:50:12","0058a00000MNWteAAH","2023-07-28 14:27:03","0058a00000MNWteAAH","2023-07-28 14:27:03","0058a00000MNWteAAH","LEX_ADOPTION","ADOPTION_FEATURE","{""EinsteinSearchFeature"":{""version"":240.0,""prompts"":{""EinsteinSearchUserPopover"":{""lastSeen"":1672682346937,""seenCount"":2,""closed"":1672682363119,""orchestrationId"":""EinsteinSearchUserPopover"",""type"":""popover"",""version"":2}}},""RecycleBin"":{""version"":240.0,""prompts"":{""UserEducation"":{""lastSeen"":1674435785029,""seenCount"":1,""closed"":1674435843865,""engaged"":1674435843865,""orchestrationId"":""RecycleBinEducation"",""type"":""overlay"",""version"":1}}},""OnboardingManager"":{""version"":240.0,""custom"":{""lex_06m8a000000tafmAAA_mruPromptId"":""RecycleBinEducation"",""lex_06m8a000001ToL3AAK_mruPromptSeen"":1674234988389,""Lightning_06m8a000000tafmAAA_mruPromptSeen"":1690554423063,""lex_06m8a000001ToL3AAK_mruPromptId"":""MacroCaseManagementSidepanel"",""numInteractedPrompts"":1,""numInteractablePrompts"":2,""Lightning_06m8a000000tafmAAA_mruPromptId"":""NPSSurvey"",""lex_06m8a000000tafmAAA_mruPromptSeen"":1674435843865,""totalPromptsDisplayed"":11}},""density"":{""version"":240.0,""custom"":{""loggedInitial"":240.0}},""lightningConversion"":{""version"":240.0,""prompts"":{""WelcomeMat"":{""lastSeen"":1671587414516,""seenCount"":1,""closed"":1671587427540,""orchestrationId"":""LightningConversion"",""type"":""modal"",""version"":1}}},""lists"":{""version"":240.0,""prompts"":{""PinnedList"":{""lastSeen"":1672021505188,""seenCount"":1,""closed"":1672021509621,""orchestrationId"":""ListViewPinnedListPopover"",""type"":""popover"",""version"":1}}},""relatedLists"":{""version"":240.0,""prompts"":{""QuickFilters"":{""lastSeen"":1674261048408,""seenCount"":1,""closed"":1674261056896,""orchestrationId"":""RelatedListQuickFiltersPopover"",""type"":""popover"",""version"":1}}},""surveys"":{""version"":244.0,""prompts"":{""nps"":{""lastSeen"":1690554384896,""seenCount"":1,""closed"":1690554423063,""orchestrationId"":""NPSSurvey"",""type"":""dockedComposer"",""version"":1,""custom"":{""seenCountOffset"":0,""versionLastSeen"":244}}}},""consoleNav"":{""version"":240.0,""prompts"":{""AppNavMenuPrompt"":{""lastSeen"":1671898267673,""seenCount"":1,""closed"":1671898271227,""orchestrationId"":""AppNavMenuPopover"",""type"":""popover"",""version"":1}}},""stdNavFeature"":{""version"":240.0,""prompts"":{""appNavPrompt"":{""lastSeen"":1671849085297,""seenCount"":1,""closed"":1671849088203,""orchestrationId"":""AppNavDocked"",""type"":""dockedComposer"",""version"":1}}},""lightningOnMobile"":{""version"":240.0,""prompts"":{""MobileAppSmartNudge"":{""lastSeen"":1671587471548,""seenCount"":1,""closed"":1671587476313,""orchestrationId"":""MobileAppSmartNudge"",""type"":""dockedComposer"",""version"":1}}},""GrowthIntelligence"":{""version"":240.0,""prompts"":{""MacroCaseManagementSidepanel"":{""closed"":1674234988389,""type"":""walkthrough"",""version"":1}}}}","1","","21.0"
"2hf8a000002jliNAAQ","0","0058a00000MNe16:LEX_ADOPTION:ADOPTION_FEATURE","MXN","2022-12-27 19:07:55","0058a00000MNe16AAD","2023-02-14 21:41:20","0058a00000MNe16AAD","2023-02-14 21:41:20","0058a00000MNe16AAD","LEX_ADOPTION","ADOPTION_FEATURE","{""EinsteinSearchFeature"":{""version"":240.0,""prompts"":{""EinsteinSearchUserPopover"":{""lastSeen"":1674460614291,""seenCount"":2,""closed"":1674460615887,""orchestrationId"":""EinsteinSearchUserPopover"",""type"":""popover"",""version"":2}}},""OnboardingManager"":{""version"":240.0,""custom"":{""lex_06m8a000001ToL3AAK_mruPromptSeen"":1674609604154,""lex_06m8a000000tafmAAA_mruPromptId"":""RelatedListQuickFiltersPopover"",""lex_06m8a000001ToL3AAK_mruPromptId"":""ListViewPinnedListPopover"",""numInteractablePrompts"":5,""lex_06m8a000000tafmAAA_mruPromptSeen"":1676410880282,""totalPromptsDisplayed"":13}},""density"":{""version"":240.0,""prompts"":{""docked"":{""lastSeen"":1675106087181,""seenCount"":1,""closed"":1675106088931,""orchestrationId"":""DensityDocked"",""type"":""dockedComposer"",""version"":2}},""custom"":{""loggedInitial"":240.0}},""lightningConversion"":{""version"":240.0,""prompts"":{""WelcomeMat"":{""lastSeen"":1672168078560,""seenCount"":1,""closed"":1672168120470,""orchestrationId"":""LightningConversion"",""type"":""modal"",""version"":1}}},""lists"":{""version"":240.0,""prompts"":{""PinnedList"":{""lastSeen"":1674609599559,""seenCount"":1,""closed"":1674609604154,""orchestrationId"":""ListViewPinnedListPopover"",""type"":""popover"",""version"":1}}},""relatedLists"":{""version"":242.0,""prompts"":{""QuickFilters"":{""lastSeen"":1676410878435,""seenCount"":1,""closed"":1676410880282,""orchestrationId"":""RelatedListQuickFiltersPopover"",""type"":""popover"",""version"":1}}},""consoleNav"":{""version"":240.0,""prompts"":{""AppNavMenuPrompt"":{""lastSeen"":1674586617701,""seenCount"":1,""closed"":1674586618797,""orchestrationId"":""AppNavMenuPopover"",""type"":""popover"",""version"":1}}},""stdNavFeature"":{""version"":240.0,""prompts"":{""appNavPrompt"":{""lastSeen"":1673302339218,""seenCount"":1,""closed"":1673302346016,""orchestrationId"":""AppNavDocked"",""type"":""dockedComposer"",""version"":1}}},""lightningOnMobile"":{""version"":240.0,""prompts"":{""MobileAppSmartNudge"":{""lastSeen"":1672168554227,""seenCount"":1,""closed"":1672168557410,""orchestrationId"":""MobileAppSmartNudge"",""type"":""dockedComposer"",""version"":1}}},""PipelineInspection"":{""version"":240.0,""prompts"":{""WelcomeMat"":{""lastSeen"":1674660411756,""seenCount"":3,""closed"":1674660414358,""orchestrationId"":""PipelineInspectionWelcomeMat"",""type"":""modal"",""version"":1}}},""GrowthIntelligence"":{""version"":240.0,""prompts"":{""MacroCaseManagementSidepanel"":{""closed"":1674756998953,""type"":""walkthrough"",""version"":1}}}}","1","","25.0"
"2hf8a000002jliSAAQ","0","0058a00000MNWtF:LEX_ADOPTION:ADOPTION_FEATURE","USD","2022-12-27 19:12:16","0058a00000MNWtFAAX","2023-09-01 00:49:49","0058a00000MNWtFAAX","2023-09-01 00:49:49","0058a00000MNWtFAAX","LEX_ADOPTION","ADOPTION_FEATURE","{""EinsteinSearchFeature"":{""version"":240.0,""prompts"":{""EinsteinSearchUserPopover"":{""lastSeen"":1676425873694,""seenCount"":2,""closed"":1676425878856,""orchestrationId"":""EinsteinSearchUserPopover"",""type"":""popover"",""version"":2}}},""RecycleBin"":{""version"":244.0,""prompts"":{""UserEducation"":{""lastSeen"":1693529385562,""seenCount"":1,""closed"":1693529389551,""orchestrationId"":""RecycleBinEducation"",""type"":""overlay"",""version"":1}}},""OnboardingManager"":{""version"":240.0,""custom"":{""lex_06m8a000001ToL3AAK_mruPromptSeen"":1679941383921,""lex_06m8a000000tafmAAA_mruPromptId"":""RelatedListQuickFiltersPopover"",""Lightning_06m8a000000tafmAAA_mruPromptSeen"":1693529389551,""lex_06m8a000001ToLHAA0_mruPromptSeen"":1679941555063,""lex_06m8a000001ToL3AAK_mruPromptId"":""AppNavDocked"",""numInteractablePrompts"":3,""Lightning_06m8a000000tafmAAA_mruPromptId"":""RecycleBinEducation"",""lex_06m8a000001ToLHAA0_mruPromptId"":""AppNavMenuPopover"",""lex_06m8a000000tafmAAA_mruPromptSeen"":1680312612575,""totalPromptsDisplayed"":12}},""density"":{""version"":240.0,""custom"":{""loggedInitial"":240.0}},""lightningConversion"":{""version"":240.0,""prompts"":{""WelcomeMat"":{""lastSeen"":1672168337602,""seenCount"":1,""closed"":1672168343119,""orchestrationId"":""LightningConversion"",""type"":""modal"",""version"":1}}},""lists"":{""version"":242.0,""prompts"":{""PinnedList"":{""lastSeen"":1678399058508,""seenCount"":1,""closed"":1678399061915,""orchestrationId"":""ListViewPinnedListPopover"",""type"":""popover"",""version"":1}}},""relatedLists"":{""version"":242.0,""prompts"":{""QuickFilters"":{""lastSeen"":1680312610619,""seenCount"":1,""closed"":1680312612575,""orchestrationId"":""RelatedListQuickFiltersPopover"",""type"":""popover"",""version"":1}}},""surveys"":{""version"":242.0,""prompts"":{""nps"":{""lastSeen"":1679942671503,""seenCount"":1,""closed"":1679942674590,""orchestrationId"":""NPSSurvey"",""type"":""dockedComposer"",""version"":1,""custom"":{""seenCountOffset"":0,""versionLastSeen"":242}}}},""consoleNav"":{""version"":242.0,""prompts"":{""AppNavMenuPrompt"":{""lastSeen"":1679941553082,""seenCount"":1,""closed"":1679941555063,""orchestrationId"":""AppNavMenuPopover"",""type"":""popover"",""version"":1}}},""stdNavFeature"":{""version"":242.0,""prompts"":{""appNavPrompt"":{""lastSeen"":1679941375934,""seenCount"":1,""closed"":1679941383921,""orchestrationId"":""AppNavDocked"",""type"":""dockedComposer"",""version"":1}}},""lightningOnMobile"":{""version"":240.0,""prompts"":{""MobileAppSmartNudge"":{""lastSeen"":1672168556853,""seenCount"":1,""closed"":1672168567656,""orchestrationId"":""MobileAppSmartNudge"",""type"":""dockedComposer"",""version"":1}}},""GrowthIntelligence"":{""version"":240.0,""prompts"":{""MacroCaseManagementSidepanel"":{""closed"":1675295514558,""type"":""walkthrough"",""version"":1}}}}","1","","22.0"
"2hf8a000002jnA8AAI","0","0058a00000MNWt0:LEX_ADOPTION:ADOPTION_FEATURE","USD","2023-01-13 19:10:06","0058a00000MNWt0AAH","2023-03-27 22:50:02","0058a00000MNWt0AAH","2023-03-27 22:50:02","0058a00000MNWt0AAH","LEX_ADOPTION","ADOPTION_FEATURE","{""EinsteinSearchFeature"":{""version"":240.0,""prompts"":{""EinsteinSearchUserPopover"":{""lastSeen"":1676426676487,""seenCount"":2,""closed"":1676426679131,""orchestrationId"":""EinsteinSearchUserPopover"",""type"":""popover"",""version"":2}}},""OnboardingManager"":{""version"":240.0,""custom"":{""lex_06m8a000001ToL3AAK_mruPromptSeen"":1676477014059,""lex_06m8a000000tafmAAA_mruPromptId"":""NPSSurvey"",""lex_06m8a000001ToL3AAK_mruPromptId"":""ListViewPinnedListPopover"",""numInteractablePrompts"":1,""lex_06m8a000000tafmAAA_mruPromptSeen"":1679957403542,""totalPromptsDisplayed"":9}},""density"":{""version"":240.0,""custom"":{""loggedInitial"":240.0}},""lightningConversion"":{""version"":240.0,""prompts"":{""WelcomeMat"":{""lastSeen"":1673637006900,""seenCount"":1,""closed"":1673637067223,""orchestrationId"":""LightningConversion"",""type"":""modal"",""version"":1}}},""lists"":{""version"":242.0,""prompts"":{""PinnedList"":{""lastSeen"":1676477012060,""seenCount"":1,""closed"":1676477014059,""orchestrationId"":""ListViewPinnedListPopover"",""type"":""popover"",""version"":1}}},""relatedLists"":{""version"":242.0,""prompts"":{""QuickFilters"":{""lastSeen"":1676928569040,""seenCount"":1,""closed"":1676928570436,""orchestrationId"":""RelatedListQuickFiltersPopover"",""type"":""popover"",""version"":1}}},""surveys"":{""version"":242.0,""prompts"":{""nps"":{""lastSeen"":1679957392832,""seenCount"":1,""closed"":1679957403542,""orchestrationId"":""NPSSurvey"",""type"":""dockedComposer"",""version"":1,""custom"":{""seenCountOffset"":0,""versionLastSeen"":242}}}},""consoleNav"":{""version"":242.0,""prompts"":{""AppNavMenuPrompt"":{""lastSeen"":1676564990323,""seenCount"":1,""closed"":1676564992104,""orchestrationId"":""AppNavMenuPopover"",""type"":""popover"",""version"":1}}},""lightningOnMobile"":{""version"":240.0,""prompts"":{""MobileAppSmartNudge"":{""lastSeen"":1674495455094,""seenCount"":1,""closed"":1674495476899,""orchestrationId"":""MobileAppSmartNudge"",""type"":""dockedComposer"",""version"":1}}},""GrowthIntelligence"":{""version"":240.0,""prompts"":{""MacroCaseManagementSidepanel"":{""closed"":1674495561095,""type"":""walkthrough"",""version"":1}}}}","1","","17.0"
"2hf8a000002jo6vAAA","0","0058a00000MNWtK:EMAIL_TEMPLATE:EMAIL_TEMPLATE_PREF","USD","2023-01-25 20:14:10","0058a00000MNWtKAAX","2023-01-25 20:17:02","0058a00000MNWtKAAX","2023-01-25 20:17:02","0058a00000MNWtKAAX","EMAIL_TEMPLATE","EMAIL_TEMPLATE_PREF","{""preferenceMap"":{""filter"":[""MyLightning""]}}","1","","1.0"
"2hf8a000002mRjrAAE","0","0058a00000LN8cx:HELP_MENU:HELP_MENU","000","2022-08-02 00:25:05","0058a00000LN8cxAAD","2022-08-02 00:25:15","0058a00000LN8cxAAD","2022-08-02 00:25:15","0058a00000LN8cxAAD","HELP_MENU","HELP_MENU","{""helpMenuItemsSeen"":{""/setup-home-lightning-experience"":1659399905486,""/watch/LfY-yg0tw_0A2YeLn42lsw"":1659399915653}}","1","","1.0"
"2hf8a000002qwKgAAI","0","0058a00000MNWtK:FOLDER_HOME:FOLDER_HOME_ENTITY_CONFIG","USD","2023-05-15 21:33:01","0058a00000MNWtKAAX","2023-05-15 21:33:01","0058a00000MNWtKAAX","2023-05-15 21:33:01","0058a00000MNWtKAAX","FOLDER_HOME","FOLDER_HOME_ENTITY_CONFIG","{""entityConfigs"":{""Dashboard"":{""entityColumns"":[{""id"":""Title||Id|"",""isVisible"":true},{""id"":""Description|||"",""isVisible"":true},{""id"":""FolderName||FolderId|"",""isVisible"":true},{""id"":""CreatedBy.Name||CreatedBy.Id|"",""isVisible"":true},{""id"":""CreatedDate|||"",""isVisible"":true},{""id"":""LastModifiedBy.Name||LastModifiedBy.Id|"",""isVisible"":false},{""id"":""LastModifiedDate|||"",""isVisible"":false},{""id"":""NumSubscriptions|||"",""isVisible"":true}],""folderColumns"":[{""id"":""|Name||Id"",""isVisible"":true},{""id"":""|CreatedBy.Name||CreatedBy.Id"",""isVisible"":true},{""id"":""|CreatedDate||"",""isVisible"":true},{""id"":""|LastModifiedBy.Name||LastModifiedBy.Id"",""isVisible"":true},{""id"":""|LastModifiedDate||"",""isVisible"":true}],""mixedColumns"":[{""id"":""Title|Name|Id|Id"",""isVisible"":true},{""id"":""Description|||"",""isVisible"":true},{""id"":""FolderName|ParentName|FolderId|ParentId"",""isVisible"":true},{""id"":""CreatedBy.Name|CreatedBy.Name|CreatedBy.Id|CreatedBy.Id"",""isVisible"":true},{""id"":""CreatedDate|CreatedDate||"",""isVisible"":true},{""id"":""LastModifiedBy.Name|LastModifiedBy.Name|LastModifiedBy.Id|LastModifiedBy.Id"",""isVisible"":false},{""id"":""LastModifiedDate|LastModifiedDate||"",""isVisible"":false},{""id"":""NumSubscriptions|||"",""isVisible"":true}]}}}","214","","0"
