"Id","IsDeleted","Name","CreatedDate","CreatedById","LastModifiedDate","LastModifiedById","SystemModstamp","RowVersion","Factor","SalesAiScoreCycleId","PrimarySourceFieldName","SecondarySourceFieldName","PrimarySourceFieldValue","PrimarySourceFieldValueText","SecondarySourceFieldValue","SecondarySourceFieldValueText","ConversionCorrelation","ScoreCorrelation","OperatorType","Status","FactorSummaryOrgLanguage"
"1tF8a000000PJUrEAO","0","00000019","2023-02-14 00:02:24","0058a00000LLuwkAAD","2023-02-24 08:03:05","0058a00000LLuwkAAD","2023-02-24 08:03:05","3","MovedQuickFromPreviousStage","7D58a000000PDYuCAO","Opportunity.StageName","","","","","","","1.0","","Inactive","Oportunidad avanzó rápidamente desde la etapa anterior"
"1tF8a000000PJUsEAO","0","00000020","2023-02-14 00:02:24","0058a00000LLuwkAAD","2023-02-24 08:03:05","0058a00000LLuwkAAD","2023-02-24 08:03:05","3","StuckInCurrentStage","7D58a000000PDYuCAO","Opportunity.StageName","","","","","","","-0.5949869329750286","","Inactive","Oportunidad se atascó en la etapa actual"
"1tF8a000000PJUtEAO","0","00000021","2023-02-14 00:02:24","0058a00000LLuwkAAD","2023-02-24 08:03:05","0058a00000LLuwkAAD","2023-02-24 08:03:05","3","MovingQuickThroughStages","7D58a000000PDYuCAO","Opportunity.StageName","","","","","","","0.2510912994894838","","Inactive","Oportunidad avanzando rápidamente por las etapas"
"1tF8a000000PJUuEAO","0","00000022","2023-02-14 00:02:24","0058a00000LLuwkAAD","2023-02-24 08:03:05","0058a00000LLuwkAAD","2023-02-24 08:03:05","3","MovingSlowThroughStages","7D58a000000PDYuCAO","Opportunity.StageName","","","","","","","-0.9636350817304327","","Inactive","Oportunidad avanzando lentamente por las etapas"
"1tF8a000000PJUvEAO","0","00000023","2023-02-14 00:02:24","0058a00000LLuwkAAD","2023-02-24 08:03:05","0058a00000LLuwkAAD","2023-02-24 08:03:05","3","NoRecentUpdates","7D58a000000PDYuCAO","NoAssociatedSourceField","","","","","","","-0.8755124458812202","","Inactive","Sin actualizaciones recientes en oportunidad"
"1tF8a000000PJUwEAO","0","00000024","2023-02-14 00:02:24","0058a00000LLuwkAAD","2023-02-24 08:03:05","0058a00000LLuwkAAD","2023-02-24 08:03:05","3","CloseDateMovedEarlier","7D58a000000PDYuCAO","Opportunity.CloseDate","","","","","","","0.9118276254991804","","Inactive","Fecha de cierre se adelantó"
"1tF8a000000PJUxEAO","0","00000025","2023-02-14 00:02:24","0058a00000LLuwkAAD","2023-02-24 08:03:05","0058a00000LLuwkAAD","2023-02-24 08:03:05","3","CloseDateDelayNegative","7D58a000000PDYuCAO","Opportunity.CloseDate","","","","","","","-0.7536100478782373","","Inactive","Fecha de cierre se retrasó"
"1tF8a000000PJUyEAO","0","00000026","2023-02-14 00:02:24","0058a00000LLuwkAAD","2023-02-24 08:03:05","0058a00000LLuwkAAD","2023-02-24 08:03:05","3","MultipleCloseDateDelayNegative","7D58a000000PDYuCAO","Opportunity.CloseDate","","","","","","","-0.2902727447601224","","Inactive","Fecha de cierre se sigue retrasando"
"1tF8a000000PJUzEAO","0","00000027","2023-02-14 00:02:24","0058a00000LLuwkAAD","2023-02-24 08:03:05","0058a00000LLuwkAAD","2023-02-24 08:03:05","3","AmountFieldEmpty","7D58a000000PDYuCAO","Opportunity.Amount","","true","","","","","-0.5774998566087435","IsNull","Inactive","El campo Importe está vacío"
"1tF8a000000PJV0EAO","0","00000028","2023-02-14 00:02:24","0058a00000LLuwkAAD","2023-02-24 08:03:05","0058a00000LLuwkAAD","2023-02-24 08:03:05","3","HighAmountActivity","7D58a000000PDYuCAO","Task.What","Event.What","","","","","","0.6142872760988912","","Inactive","La oportunidad tiene muchas actividades"
"1tF8a000000PJV1EAO","0","00000029","2023-02-14 00:02:24","0058a00000LLuwkAAD","2023-02-24 08:03:05","0058a00000LLuwkAAD","2023-02-24 08:03:05","3","LowSuccessOpportunityType","7D58a000000PDYuCAO","Opportunity.Type","","New Business","New Business","","","","-1.0","Equals","Inactive","Tipo de oportunidad es New Business"
"1tF8a000000PJV2EAO","0","00000030","2023-02-14 00:02:24","0058a00000LLuwkAAD","2023-02-24 08:03:05","0058a00000LLuwkAAD","2023-02-24 08:03:05","3","HighSuccessOpportunityType","7D58a000000PDYuCAO","Opportunity.Type","","Existing Business","Existing Business","","","","0.9967154219380312","Equals","Inactive","Tipo de oportunidad es Existing Business"
"1tF8a000000PJV3EAO","0","00000031","2023-02-14 00:02:24","0058a00000LLuwkAAD","2023-02-24 08:03:05","0058a00000LLuwkAAD","2023-02-24 08:03:05","3","LowSuccessIndustry","7D58a000000PDYuCAO","Opportunity.Account.Industry","","Other","Other","","","","-0.5195339846957753","Equals","Inactive","Industria es Other"
"1tF8a000000PJV4EAO","0","00000032","2023-02-14 00:02:24","0058a00000LLuwkAAD","2023-02-24 08:03:05","0058a00000LLuwkAAD","2023-02-24 08:03:05","3","LowSuccessIndustry","7D58a000000PDYuCAO","Opportunity.Account.Industry","","Health services","Health services","","","","-0.10878778415518553","Equals","Inactive","Industria es Health services"
"1tF8a000000PJV5EAO","0","00000033","2023-02-14 00:02:24","0058a00000LLuwkAAD","2023-02-24 08:03:05","0058a00000LLuwkAAD","2023-02-24 08:03:05","3","HighSuccessIndustry","7D58a000000PDYuCAO","Opportunity.Account.Industry","","Commerce","Commerce","","","","0.572258842847738","Equals","Inactive","Industria es Commerce"
"1tF8a000000PJV6EAO","0","00000034","2023-02-14 00:02:24","0058a00000LLuwkAAD","2023-02-24 08:03:05","0058a00000LLuwkAAD","2023-02-24 08:03:05","3","LowSuccessIndustry","7D58a000000PDYuCAO","Opportunity.Account.Industry","","Postal and telecommunications services","Postal and telecommunications services","","","","-0.11365853654864518","Equals","Inactive","Industria es Postal and telecommunications services"
"1tF8a000000PJV7EAO","0","00000035","2023-02-14 00:02:24","0058a00000LLuwkAAD","2023-02-24 08:03:05","0058a00000LLuwkAAD","2023-02-24 08:03:05","3","LowSuccessIndustry","7D58a000000PDYuCAO","Opportunity.Account.Industry","","Chemical industries","Chemical industries","","","","-0.4000112997904885","Equals","Inactive","Industria es Chemical industries"
"1tF8a000000PJV8EAO","0","00000036","2023-02-14 00:02:24","0058a00000LLuwkAAD","2023-02-24 08:03:05","0058a00000LLuwkAAD","2023-02-24 08:03:05","3","LowSuccessIndustry","7D58a000000PDYuCAO","Opportunity.Account.Industry","","Education","Education","","","","-0.2292418208414802","Equals","Inactive","Industria es Education"
"1tF8a000000PJcTEAW","0","00000055","2023-02-23 01:41:17","0058a00000LLuwkAAD","2023-03-14 00:56:31","0058a00000LLuwkAAD","2023-03-14 00:56:31","3","MovedQuickFromPreviousStage","7D58a000000PDZECA4","Opportunity.StageName","","","","","","","1.0","","Inactive","Oportunidad avanzó rápidamente desde la etapa anterior"
"1tF8a000000PJcUEAW","0","00000056","2023-02-23 01:41:17","0058a00000LLuwkAAD","2023-03-14 00:56:31","0058a00000LLuwkAAD","2023-03-14 00:56:31","3","StuckInCurrentStage","7D58a000000PDZECA4","Opportunity.StageName","","","","","","","-0.5949869329750286","","Inactive","Oportunidad se atascó en la etapa actual"
"1tF8a000000PJcVEAW","0","00000057","2023-02-23 01:41:17","0058a00000LLuwkAAD","2023-03-14 00:56:31","0058a00000LLuwkAAD","2023-03-14 00:56:31","3","MovingQuickThroughStages","7D58a000000PDZECA4","Opportunity.StageName","","","","","","","0.2510912994894838","","Inactive","Oportunidad avanzando rápidamente por las etapas"
"1tF8a000000PJcWEAW","0","00000058","2023-02-23 01:41:17","0058a00000LLuwkAAD","2023-03-14 00:56:31","0058a00000LLuwkAAD","2023-03-14 00:56:31","3","MovingSlowThroughStages","7D58a000000PDZECA4","Opportunity.StageName","","","","","","","-0.9636350817304327","","Inactive","Oportunidad avanzando lentamente por las etapas"
"1tF8a000000PJcXEAW","0","00000059","2023-02-23 01:41:17","0058a00000LLuwkAAD","2023-03-14 00:56:31","0058a00000LLuwkAAD","2023-03-14 00:56:31","3","NoRecentUpdates","7D58a000000PDZECA4","NoAssociatedSourceField","","","","","","","-0.8755124458812202","","Inactive","Sin actualizaciones recientes en oportunidad"
"1tF8a000000PJcYEAW","0","00000060","2023-02-23 01:41:17","0058a00000LLuwkAAD","2023-03-14 00:56:31","0058a00000LLuwkAAD","2023-03-14 00:56:31","3","CloseDateMovedEarlier","7D58a000000PDZECA4","Opportunity.CloseDate","","","","","","","0.9118276254991804","","Inactive","Fecha de cierre se adelantó"
"1tF8a000000PJcZEAW","0","00000061","2023-02-23 01:41:17","0058a00000LLuwkAAD","2023-03-14 00:56:31","0058a00000LLuwkAAD","2023-03-14 00:56:31","3","CloseDateDelayNegative","7D58a000000PDZECA4","Opportunity.CloseDate","","","","","","","-0.7536100478782373","","Inactive","Fecha de cierre se retrasó"
"1tF8a000000PJcaEAG","0","00000062","2023-02-23 01:41:17","0058a00000LLuwkAAD","2023-03-14 00:56:31","0058a00000LLuwkAAD","2023-03-14 00:56:31","3","MultipleCloseDateDelayNegative","7D58a000000PDZECA4","Opportunity.CloseDate","","","","","","","-0.2902727447601224","","Inactive","Fecha de cierre se sigue retrasando"
"1tF8a000000PJcbEAG","0","00000063","2023-02-23 01:41:17","0058a00000LLuwkAAD","2023-03-14 00:56:31","0058a00000LLuwkAAD","2023-03-14 00:56:31","3","AmountFieldEmpty","7D58a000000PDZECA4","Opportunity.Amount","","true","","","","","-0.5774998566087435","IsNull","Inactive","El campo Importe está vacío"
"1tF8a000000PJccEAG","0","00000064","2023-02-23 01:41:17","0058a00000LLuwkAAD","2023-03-14 00:56:31","0058a00000LLuwkAAD","2023-03-14 00:56:31","3","HighAmountActivity","7D58a000000PDZECA4","Task.What","Event.What","","","","","","0.6142872760988912","","Inactive","La oportunidad tiene muchas actividades"
"1tF8a000000PJcdEAG","0","00000065","2023-02-23 01:41:17","0058a00000LLuwkAAD","2023-03-14 00:56:31","0058a00000LLuwkAAD","2023-03-14 00:56:31","3","LowSuccessOpportunityType","7D58a000000PDZECA4","Opportunity.Type","","New Business","New Business","","","","-1.0","Equals","Inactive","Tipo de oportunidad es New Business"
"1tF8a000000PJceEAG","0","00000066","2023-02-23 01:41:17","0058a00000LLuwkAAD","2023-03-14 00:56:31","0058a00000LLuwkAAD","2023-03-14 00:56:31","3","HighSuccessOpportunityType","7D58a000000PDZECA4","Opportunity.Type","","Existing Business","Existing Business","","","","0.9967154219380312","Equals","Inactive","Tipo de oportunidad es Existing Business"
"1tF8a000000PJcfEAG","0","00000067","2023-02-23 01:41:17","0058a00000LLuwkAAD","2023-03-14 00:56:31","0058a00000LLuwkAAD","2023-03-14 00:56:31","3","LowSuccessIndustry","7D58a000000PDZECA4","Opportunity.Account.Industry","","Other","Other","","","","-0.5195339846957753","Equals","Inactive","Industria es Other"
"1tF8a000000PJcgEAG","0","00000068","2023-02-23 01:41:17","0058a00000LLuwkAAD","2023-03-14 00:56:31","0058a00000LLuwkAAD","2023-03-14 00:56:31","3","LowSuccessIndustry","7D58a000000PDZECA4","Opportunity.Account.Industry","","Health services","Health services","","","","-0.10878778415518553","Equals","Inactive","Industria es Health services"
"1tF8a000000PJchEAG","0","00000069","2023-02-23 01:41:17","0058a00000LLuwkAAD","2023-03-14 00:56:31","0058a00000LLuwkAAD","2023-03-14 00:56:31","3","HighSuccessIndustry","7D58a000000PDZECA4","Opportunity.Account.Industry","","Commerce","Commerce","","","","0.572258842847738","Equals","Inactive","Industria es Commerce"
"1tF8a000000PJciEAG","0","00000070","2023-02-23 01:41:17","0058a00000LLuwkAAD","2023-03-14 00:56:31","0058a00000LLuwkAAD","2023-03-14 00:56:31","3","LowSuccessIndustry","7D58a000000PDZECA4","Opportunity.Account.Industry","","Postal and telecommunications services","Postal and telecommunications services","","","","-0.11365853654864518","Equals","Inactive","Industria es Postal and telecommunications services"
"1tF8a000000PJcjEAG","0","00000071","2023-02-23 01:41:17","0058a00000LLuwkAAD","2023-03-14 00:56:31","0058a00000LLuwkAAD","2023-03-14 00:56:31","3","LowSuccessIndustry","7D58a000000PDZECA4","Opportunity.Account.Industry","","Chemical industries","Chemical industries","","","","-0.4000112997904885","Equals","Inactive","Industria es Chemical industries"
"1tF8a000000PJckEAG","0","00000072","2023-02-23 01:41:17","0058a00000LLuwkAAD","2023-03-14 00:56:31","0058a00000LLuwkAAD","2023-03-14 00:56:31","3","LowSuccessIndustry","7D58a000000PDZECA4","Opportunity.Account.Industry","","Education","Education","","","","-0.2292418208414802","Equals","Inactive","Industria es Education"
"1tF8a000000PJlkEAG","0","00000094","2023-03-10 22:33:53","0058a00000LLuwkAAD","2023-04-05 00:51:53","0058a00000LLuwkAAD","2023-04-05 00:51:53","3","MovedQuickFromPreviousStage","7D58a000000PDZsCAO","Opportunity.StageName","","","","","","","1.0","","Inactive","Oportunidad avanzó rápidamente desde la etapa anterior"
"1tF8a000000PJllEAG","0","00000095","2023-03-10 22:33:53","0058a00000LLuwkAAD","2023-04-05 00:51:53","0058a00000LLuwkAAD","2023-04-05 00:51:53","3","StuckInCurrentStage","7D58a000000PDZsCAO","Opportunity.StageName","","","","","","","-0.6875216675891151","","Inactive","Oportunidad se atascó en la etapa actual"
"1tF8a000000PJlmEAG","0","00000096","2023-03-10 22:33:53","0058a00000LLuwkAAD","2023-04-05 00:51:53","0058a00000LLuwkAAD","2023-04-05 00:51:53","3","MovingQuickThroughStages","7D58a000000PDZsCAO","Opportunity.StageName","","","","","","","0.3243182424722943","","Inactive","Oportunidad avanzando rápidamente por las etapas"
"1tF8a000000PJlnEAG","0","00000097","2023-03-10 22:33:53","0058a00000LLuwkAAD","2023-04-05 00:51:53","0058a00000LLuwkAAD","2023-04-05 00:51:53","3","MovingSlowThroughStages","7D58a000000PDZsCAO","Opportunity.StageName","","","","","","","-0.9300207934640244","","Inactive","Oportunidad avanzando lentamente por las etapas"
"1tF8a000000PJloEAG","0","00000098","2023-03-10 22:33:53","0058a00000LLuwkAAD","2023-04-05 00:51:53","0058a00000LLuwkAAD","2023-04-05 00:51:53","3","NoRecentUpdates","7D58a000000PDZsCAO","NoAssociatedSourceField","","","","","","","-0.8920203808181945","","Inactive","Sin actualizaciones recientes en oportunidad"
"1tF8a000000PJlpEAG","0","00000099","2023-03-10 22:33:53","0058a00000LLuwkAAD","2023-04-05 00:51:53","0058a00000LLuwkAAD","2023-04-05 00:51:53","3","CloseDateMovedEarlier","7D58a000000PDZsCAO","Opportunity.CloseDate","","","","","","","0.6918232074540697","","Inactive","Fecha de cierre se adelantó"
"1tF8a000000PJlqEAG","0","00000100","2023-03-10 22:33:53","0058a00000LLuwkAAD","2023-04-05 00:51:53","0058a00000LLuwkAAD","2023-04-05 00:51:53","3","CloseDateDelayNegative","7D58a000000PDZsCAO","Opportunity.CloseDate","","","","","","","-0.8188993311006253","","Inactive","Fecha de cierre se retrasó"
"1tF8a000000PJlrEAG","0","00000101","2023-03-10 22:33:53","0058a00000LLuwkAAD","2023-04-05 00:51:53","0058a00000LLuwkAAD","2023-04-05 00:51:53","3","MultipleCloseDateDelayNegative","7D58a000000PDZsCAO","Opportunity.CloseDate","","","","","","","-0.48311976953507846","","Inactive","Fecha de cierre se sigue retrasando"
"1tF8a000000PJlsEAG","0","00000102","2023-03-10 22:33:53","0058a00000LLuwkAAD","2023-04-05 00:51:53","0058a00000LLuwkAAD","2023-04-05 00:51:53","3","AmountFieldEmpty","7D58a000000PDZsCAO","Opportunity.Amount","","true","","","","","-0.5919992504515418","IsNull","Inactive","El campo Importe está vacío"
"1tF8a000000PJltEAG","0","00000103","2023-03-10 22:33:53","0058a00000LLuwkAAD","2023-04-05 00:51:53","0058a00000LLuwkAAD","2023-04-05 00:51:53","3","HighAmountActivity","7D58a000000PDZsCAO","Task.What","Event.What","","","","","","0.7379437651417261","","Inactive","La oportunidad tiene muchas actividades"
"1tF8a000000PJluEAG","0","00000104","2023-03-10 22:33:53","0058a00000LLuwkAAD","2023-04-05 00:51:53","0058a00000LLuwkAAD","2023-04-05 00:51:53","3","LowSuccessOpportunityType","7D58a000000PDZsCAO","Opportunity.Type","","New Business","New Business","","","","-1.0","Equals","Inactive","Tipo de oportunidad es New Business"
"1tF8a000000PJlvEAG","0","00000105","2023-03-10 22:33:53","0058a00000LLuwkAAD","2023-04-05 00:51:53","0058a00000LLuwkAAD","2023-04-05 00:51:53","3","HighSuccessOpportunityType","7D58a000000PDZsCAO","Opportunity.Type","","Existing Business","Existing Business","","","","0.7976034155826175","Equals","Inactive","Tipo de oportunidad es Existing Business"
"1tF8a000000PJlwEAG","0","00000106","2023-03-10 22:33:53","0058a00000LLuwkAAD","2023-04-05 00:51:53","0058a00000LLuwkAAD","2023-04-05 00:51:53","3","LowSuccessIndustry","7D58a000000PDZsCAO","Opportunity.Account.Industry","","Other","Other","","","","-0.579692904209575","Equals","Inactive","Industria es Other"
"1tF8a000000PJlxEAG","0","00000107","2023-03-10 22:33:53","0058a00000LLuwkAAD","2023-04-05 00:51:53","0058a00000LLuwkAAD","2023-04-05 00:51:53","3","LowSuccessIndustry","7D58a000000PDZsCAO","Opportunity.Account.Industry","","Food & Beverage","Food & Beverage","","","","-0.7000306625605788","Equals","Inactive","Industria es Food & Beverage"
"1tF8a000000PJlyEAG","0","00000108","2023-03-10 22:33:53","0058a00000LLuwkAAD","2023-04-05 00:51:53","0058a00000LLuwkAAD","2023-04-05 00:51:53","3","LowSuccessIndustry","7D58a000000PDZsCAO","Opportunity.Account.Industry","","Chemical industries","Chemical industries","","","","-0.40266635319973926","Equals","Inactive","Industria es Chemical industries"
"1tF8a000000PJlzEAG","0","00000109","2023-03-10 22:33:53","0058a00000LLuwkAAD","2023-04-05 00:51:53","0058a00000LLuwkAAD","2023-04-05 00:51:53","3","LowSuccessIndustry","7D58a000000PDZsCAO","Opportunity.Account.Industry","","Mechanical and electrical engineering","Mechanical and electrical engineering","","","","-0.40266635319973926","Equals","Inactive","Industria es Mechanical and electrical engineering"
"1tF8a000000PJm0EAG","0","00000110","2023-03-10 22:33:53","0058a00000LLuwkAAD","2023-04-05 00:51:53","0058a00000LLuwkAAD","2023-04-05 00:51:53","3","HighSuccessIndustry","7D58a000000PDZsCAO","Opportunity.Account.Industry","","Commerce","Commerce","","","","0.5776943606894347","Equals","Inactive","Industria es Commerce"
"1tF8a000000PJm1EAG","0","00000111","2023-03-10 22:33:53","0058a00000LLuwkAAD","2023-04-05 00:51:53","0058a00000LLuwkAAD","2023-04-05 00:51:53","3","LowSuccessIndustry","7D58a000000PDZsCAO","Opportunity.Account.Industry","","Postal and telecommunications services","Postal and telecommunications services","","","","-0.31529256915955534","Equals","Inactive","Industria es Postal and telecommunications services"
"1tF8a000000PJm2EAG","0","00000112","2023-03-10 22:33:53","0058a00000LLuwkAAD","2023-04-05 00:51:53","0058a00000LLuwkAAD","2023-04-05 00:51:53","3","LowSuccessIndustry","7D58a000000PDZsCAO","Opportunity.Account.Industry","","Education","Education","","","","-0.3573926254503385","Equals","Inactive","Industria es Education"
"1tF8a000000PJm3EAG","0","00000113","2023-03-10 22:33:53","0058a00000LLuwkAAD","2023-04-05 00:51:53","0058a00000LLuwkAAD","2023-04-05 00:51:53","3","LowSuccessIndustry","7D58a000000PDZsCAO","Opportunity.Account.Industry","","Health services","Health services","","","","-0.4029861906925303","Equals","Inactive","Industria es Health services"
"1tF8a000000PJm4EAG","0","00000114","2023-03-10 22:33:53","0058a00000LLuwkAAD","2023-04-05 00:51:53","0058a00000LLuwkAAD","2023-04-05 00:51:53","3","LowSuccessIndustry","7D58a000000PDZsCAO","Opportunity.Account.Industry","","Construction","Construction","","","","-0.38400795638406887","Equals","Inactive","Industria es Construction"
"1tF8a000000Xeb9EAC","0","00000212","2023-06-12 18:11:11","0058a00000LLuwkAAD","2023-07-11 23:29:38","0058a00000LLuwkAAD","2023-07-11 23:29:38","3","MovedQuickFromPreviousStage","7D58a000000Xb2PCAS","Opportunity.StageName","","","","","","","0.8703258749456622","","Inactive","Oportunidad avanzó rápidamente desde la etapa anterior"
"1tF8a000000XebAEAS","0","00000213","2023-06-12 18:11:11","0058a00000LLuwkAAD","2023-07-11 23:29:38","0058a00000LLuwkAAD","2023-07-11 23:29:38","3","StuckInCurrentStage","7D58a000000Xb2PCAS","Opportunity.StageName","","","","","","","-0.5991956158862237","","Inactive","Oportunidad se atascó en la etapa actual"
"1tF8a000000XebBEAS","0","00000214","2023-06-12 18:11:11","0058a00000LLuwkAAD","2023-07-11 23:29:38","0058a00000LLuwkAAD","2023-07-11 23:29:38","3","MovingSlowThroughStages","7D58a000000Xb2PCAS","Opportunity.StageName","","","","","","","-0.8505940702721604","","Inactive","Oportunidad avanzando lentamente por las etapas"
"1tF8a000000XebCEAS","0","00000215","2023-06-12 18:11:11","0058a00000LLuwkAAD","2023-07-11 23:29:38","0058a00000LLuwkAAD","2023-07-11 23:29:38","3","HighSuccessCurrentStage","7D58a000000Xb2PCAS","Opportunity.StageName","","Firmas","Firmas","","","","0.8056388761043974","Equals","Inactive","Etapa es Firmas"
"1tF8a000000XebDEAS","0","00000216","2023-06-12 18:11:11","0058a00000LLuwkAAD","2023-07-11 23:29:38","0058a00000LLuwkAAD","2023-07-11 23:29:38","3","LowSuccessCurrentStage","7D58a000000Xb2PCAS","Opportunity.StageName","","Presentación Propuesta","Presentación Propuesta","","","","-0.8728052971061551","Equals","Inactive","Etapa es Presentación Propuesta"
"1tF8a000000XebEEAS","0","00000217","2023-06-12 18:11:11","0058a00000LLuwkAAD","2023-07-11 23:29:38","0058a00000LLuwkAAD","2023-07-11 23:29:38","3","NoRecentUpdates","7D58a000000Xb2PCAS","NoAssociatedSourceField","","","","","","","-0.9911419139361954","","Inactive","Sin actualizaciones recientes en oportunidad"
"1tF8a000000XebFEAS","0","00000218","2023-06-12 18:11:11","0058a00000LLuwkAAD","2023-07-11 23:29:38","0058a00000LLuwkAAD","2023-07-11 23:29:38","3","HighSuccessOpportunityType","7D58a000000Xb2PCAS","Opportunity.Type","","New Business","New Business","","","","0.7042872635704909","Equals","Inactive","Tipo de oportunidad es New Business"
"1tF8a000000XebGEAS","0","00000219","2023-06-12 18:11:11","0058a00000LLuwkAAD","2023-07-11 23:29:38","0058a00000LLuwkAAD","2023-07-11 23:29:38","3","HighSuccessIndustry","7D58a000000Xb2PCAS","Opportunity.Account.Industry","","Other","Other","","","","0.871840909746824","Equals","Inactive","Industria es Other"
"1tF8a000000XebHEAS","0","00000220","2023-06-12 18:11:11","0058a00000LLuwkAAD","2023-07-11 23:29:38","0058a00000LLuwkAAD","2023-07-11 23:29:38","3","CloseDateMovedEarlier","7D58a000000Xb2PCAS","Opportunity.CloseDate","","","","","","","0.6172884697903617","","Inactive","Fecha de cierre se adelantó"
"1tF8a000000XebIEAS","0","00000221","2023-06-12 18:11:11","0058a00000LLuwkAAD","2023-07-11 23:29:38","0058a00000LLuwkAAD","2023-07-11 23:29:38","3","CloseDateDelayNegative","7D58a000000Xb2PCAS","Opportunity.CloseDate","","","","","","","-0.9210688435006634","","Inactive","Fecha de cierre se retrasó"
"1tF8a000000XebJEAS","0","00000222","2023-06-12 18:11:11","0058a00000LLuwkAAD","2023-07-11 23:29:38","0058a00000LLuwkAAD","2023-07-11 23:29:38","3","MultipleCloseDateDelayPositive","7D58a000000Xb2PCAS","Opportunity.CloseDate","","","","","","","0.5255582493641491","","Inactive","Fecha de cierre se sigue retrasando"
"1tF8a000000XebKEAS","0","00000223","2023-06-12 18:11:11","0058a00000LLuwkAAD","2023-07-11 23:29:38","0058a00000LLuwkAAD","2023-07-11 23:29:38","3","AmountIncreasePositive","7D58a000000Xb2PCAS","Opportunity.Amount","","","","","","","0.7284488835104259","","Inactive","Importe aumentó"
"1tF8a000000XebLEAS","0","00000224","2023-06-12 18:11:11","0058a00000LLuwkAAD","2023-07-11 23:29:38","0058a00000LLuwkAAD","2023-07-11 23:29:38","3","AmountDecreaseNegative","7D58a000000Xb2PCAS","Opportunity.Amount","","","","","","","-0.6494808197909114","","Inactive","Importe bajó"
"1tF8a000000XebMEAS","0","00000225","2023-06-12 18:11:11","0058a00000LLuwkAAD","2023-07-11 23:29:38","0058a00000LLuwkAAD","2023-07-11 23:29:38","3","AmountFieldEmpty","7D58a000000Xb2PCAS","Opportunity.Amount","","true","","","","","-0.42665225145211705","IsNull","Inactive","El campo Importe está vacío"
"1tF8a000000XebNEAS","0","00000226","2023-06-12 18:11:11","0058a00000LLuwkAAD","2023-07-11 23:29:38","0058a00000LLuwkAAD","2023-07-11 23:29:38","3","PastWinsWithRelatedAccounts","7D58a000000Xb2PCAS","Opportunity.Account","","","","","","","1.0","","Inactive","Ganancias pasadas con cuentas relacionadas"
"1tF8a000000XebOEAS","0","00000227","2023-06-12 18:11:11","0058a00000LLuwkAAD","2023-07-11 23:29:38","0058a00000LLuwkAAD","2023-07-11 23:29:38","3","PastLossesWithRelatedAccounts","7D58a000000Xb2PCAS","Opportunity.Account","","","","","","","-0.842828016719439","","Inactive","Pérdidas pasadas con cuentas relacionadas"
"1tF8a000000XebPEAS","0","00000228","2023-06-12 18:11:11","0058a00000LLuwkAAD","2023-07-11 23:29:38","0058a00000LLuwkAAD","2023-07-11 23:29:38","3","HighAmountActivity","7D58a000000Xb2PCAS","Task.What","Event.What","","","","","","0.8119139182709013","","Inactive","La oportunidad tiene muchas actividades"
"1tF8a000000XebQEAS","0","00000229","2023-06-12 18:11:11","0058a00000LLuwkAAD","2023-07-11 23:29:38","0058a00000LLuwkAAD","2023-07-11 23:29:38","3","UpcomingActivity","7D58a000000Xb2PCAS","Task.What","Event.What","","","","","","0.18301751070703112","","Inactive","Próxima actividad"
"1tF8a000000XerNEAS","0","00000248","2023-07-08 21:27:42","0058a00000LLuwkAAD","2023-08-05 02:21:42","0058a00000LLuwkAAD","2023-08-05 02:21:42","3","MovedQuickFromPreviousStage","7D58a000000Xb38CAC","Opportunity.StageName","","","","","","","0.8533055986837684","","Inactive","Oportunidad avanzó rápidamente desde la etapa anterior"
"1tF8a000000XerOEAS","0","00000249","2023-07-08 21:27:42","0058a00000LLuwkAAD","2023-08-05 02:21:42","0058a00000LLuwkAAD","2023-08-05 02:21:42","3","StuckInCurrentStage","7D58a000000Xb38CAC","Opportunity.StageName","","","","","","","-0.4708366358263702","","Inactive","Oportunidad se atascó en la etapa actual"
"1tF8a000000XerPEAS","0","00000250","2023-07-08 21:27:42","0058a00000LLuwkAAD","2023-08-05 02:21:42","0058a00000LLuwkAAD","2023-08-05 02:21:42","3","MovingQuickThroughStages","7D58a000000Xb38CAC","Opportunity.StageName","","","","","","","0.42728372769881484","","Inactive","Oportunidad avanzando rápidamente por las etapas"
"1tF8a000000XerQEAS","0","00000251","2023-07-08 21:27:42","0058a00000LLuwkAAD","2023-08-05 02:21:42","0058a00000LLuwkAAD","2023-08-05 02:21:42","3","MovingSlowThroughStages","7D58a000000Xb38CAC","Opportunity.StageName","","","","","","","-1.0","","Inactive","Oportunidad avanzando lentamente por las etapas"
"1tF8a000000XerREAS","0","00000252","2023-07-08 21:27:42","0058a00000LLuwkAAD","2023-08-05 02:21:42","0058a00000LLuwkAAD","2023-08-05 02:21:42","3","HighSuccessCurrentStage","7D58a000000Xb38CAC","Opportunity.StageName","","Firmas","Firmas","","","","0.8358038639600427","Equals","Inactive","Etapa es Firmas"
"1tF8a000000XerSEAS","0","00000253","2023-07-08 21:27:42","0058a00000LLuwkAAD","2023-08-05 02:21:42","0058a00000LLuwkAAD","2023-08-05 02:21:42","3","LowSuccessCurrentStage","7D58a000000Xb38CAC","Opportunity.StageName","","Presentación Propuesta","Presentación Propuesta","","","","-0.8975585503003664","Equals","Inactive","Etapa es Presentación Propuesta"
"1tF8a000000XerTEAS","0","00000254","2023-07-08 21:27:42","0058a00000LLuwkAAD","2023-08-05 02:21:42","0058a00000LLuwkAAD","2023-08-05 02:21:42","3","NoRecentUpdates","7D58a000000Xb38CAC","NoAssociatedSourceField","","","","","","","-0.9612217899122831","","Inactive","Sin actualizaciones recientes en oportunidad"
"1tF8a000000XerUEAS","0","00000255","2023-07-08 21:27:42","0058a00000LLuwkAAD","2023-08-05 02:21:42","0058a00000LLuwkAAD","2023-08-05 02:21:42","3","HighSuccessOpportunityType","7D58a000000Xb38CAC","Opportunity.Type","","New Business","New Business","","","","0.6687135447423882","Equals","Inactive","Tipo de oportunidad es New Business"
"1tF8a000000XerVEAS","0","00000256","2023-07-08 21:27:42","0058a00000LLuwkAAD","2023-08-05 02:21:42","0058a00000LLuwkAAD","2023-08-05 02:21:42","3","HighSuccessIndustry","7D58a000000Xb38CAC","Opportunity.Account.Industry","","Other","Other","","","","0.8093000877227717","Equals","Inactive","Industria es Other"
"1tF8a000000XerWEAS","0","00000257","2023-07-08 21:27:42","0058a00000LLuwkAAD","2023-08-05 02:21:42","0058a00000LLuwkAAD","2023-08-05 02:21:42","3","CloseDateMovedEarlier","7D58a000000Xb38CAC","Opportunity.CloseDate","","","","","","","0.516551717018452","","Inactive","Fecha de cierre se adelantó"
"1tF8a000000XerXEAS","0","00000258","2023-07-08 21:27:42","0058a00000LLuwkAAD","2023-08-05 02:21:42","0058a00000LLuwkAAD","2023-08-05 02:21:42","3","CloseDateDelayNegative","7D58a000000Xb38CAC","Opportunity.CloseDate","","","","","","","-0.878565285965221","","Inactive","Fecha de cierre se retrasó"
"1tF8a000000XerYEAS","0","00000259","2023-07-08 21:27:42","0058a00000LLuwkAAD","2023-08-05 02:21:42","0058a00000LLuwkAAD","2023-08-05 02:21:42","3","MultipleCloseDateDelayNegative","7D58a000000Xb38CAC","Opportunity.CloseDate","","","","","","","-0.5371282168797024","","Inactive","Fecha de cierre se sigue retrasando"
"1tF8a000000XerZEAS","0","00000260","2023-07-08 21:27:42","0058a00000LLuwkAAD","2023-08-05 02:21:42","0058a00000LLuwkAAD","2023-08-05 02:21:42","3","AmountIncreasePositive","7D58a000000Xb38CAC","Opportunity.Amount","","","","","","","0.6443999636513668","","Inactive","Importe aumentó"
"1tF8a000000XeraEAC","0","00000261","2023-07-08 21:27:42","0058a00000LLuwkAAD","2023-08-05 02:21:42","0058a00000LLuwkAAD","2023-08-05 02:21:42","3","AmountDecreaseNegative","7D58a000000Xb38CAC","Opportunity.Amount","","","","","","","-0.6618678077031291","","Inactive","Importe bajó"
"1tF8a000000XerbEAC","0","00000262","2023-07-08 21:27:42","0058a00000LLuwkAAD","2023-08-05 02:21:42","0058a00000LLuwkAAD","2023-08-05 02:21:42","3","AmountFieldEmpty","7D58a000000Xb38CAC","Opportunity.Amount","","true","","","","","-0.532617055325806","IsNull","Inactive","El campo Importe está vacío"
"1tF8a000000XercEAC","0","00000263","2023-07-08 21:27:42","0058a00000LLuwkAAD","2023-08-05 02:21:42","0058a00000LLuwkAAD","2023-08-05 02:21:42","3","PastWinsWithRelatedAccounts","7D58a000000Xb38CAC","Opportunity.Account","","","","","","","1.0","","Inactive","Ganancias pasadas con cuentas relacionadas"
"1tF8a000000XerdEAC","0","00000264","2023-07-08 21:27:42","0058a00000LLuwkAAD","2023-08-05 02:21:42","0058a00000LLuwkAAD","2023-08-05 02:21:42","3","PastLossesWithRelatedAccounts","7D58a000000Xb38CAC","Opportunity.Account","","","","","","","-0.8242403884066457","","Inactive","Pérdidas pasadas con cuentas relacionadas"
"1tF8a000000XereEAC","0","00000265","2023-07-08 21:27:42","0058a00000LLuwkAAD","2023-08-05 02:21:42","0058a00000LLuwkAAD","2023-08-05 02:21:42","3","HighAmountActivity","7D58a000000Xb38CAC","Task.What","Event.What","","","","","","0.7486953895734777","","Inactive","La oportunidad tiene muchas actividades"
"1tF8a000000Xf35EAC","0","00000283","2023-08-03 01:13:42","0058a00000LLuwkAAD","2023-08-05 02:21:42","0058a00000LLuwkAAD","2023-08-05 02:21:42","2","MovedQuickFromPreviousStage","7D58a000000Xb3mCAC","Opportunity.StageName","","","","","","","0.8094060653417466","","Active","Oportunidad avanzó rápidamente desde la etapa anterior"
"1tF8a000000Xf36EAC","0","00000284","2023-08-03 01:13:42","0058a00000LLuwkAAD","2023-08-05 02:21:42","0058a00000LLuwkAAD","2023-08-05 02:21:42","2","StuckInCurrentStage","7D58a000000Xb3mCAC","Opportunity.StageName","","","","","","","-0.8763561233818108","","Active","Oportunidad se atascó en la etapa actual"
"1tF8a000000Xf37EAC","0","00000285","2023-08-03 01:13:42","0058a00000LLuwkAAD","2023-08-05 02:21:42","0058a00000LLuwkAAD","2023-08-05 02:21:42","2","MovingQuickThroughStages","7D58a000000Xb3mCAC","Opportunity.StageName","","","","","","","0.4870001796406313","","Active","Oportunidad avanzando rápidamente por las etapas"
"1tF8a000000Xf38EAC","0","00000286","2023-08-03 01:13:42","0058a00000LLuwkAAD","2023-08-05 02:21:42","0058a00000LLuwkAAD","2023-08-05 02:21:42","2","MovingSlowThroughStages","7D58a000000Xb3mCAC","Opportunity.StageName","","","","","","","-0.8748987249304848","","Active","Oportunidad avanzando lentamente por las etapas"
"1tF8a000000Xf39EAC","0","00000287","2023-08-03 01:13:42","0058a00000LLuwkAAD","2023-08-05 02:21:42","0058a00000LLuwkAAD","2023-08-05 02:21:42","2","HighSuccessCurrentStage","7D58a000000Xb3mCAC","Opportunity.StageName","","Firmas","Firmas","","","","0.8494394130164893","Equals","Active","Etapa es Firmas"
"1tF8a000000Xf3AEAS","0","00000288","2023-08-03 01:13:42","0058a00000LLuwkAAD","2023-08-05 02:21:42","0058a00000LLuwkAAD","2023-08-05 02:21:42","2","LowSuccessCurrentStage","7D58a000000Xb3mCAC","Opportunity.StageName","","Presentación Propuesta","Presentación Propuesta","","","","-0.9683237559192301","Equals","Active","Etapa es Presentación Propuesta"
"1tF8a000000Xf3BEAS","0","00000289","2023-08-03 01:13:42","0058a00000LLuwkAAD","2023-08-05 02:21:42","0058a00000LLuwkAAD","2023-08-05 02:21:42","2","NoRecentUpdates","7D58a000000Xb3mCAC","NoAssociatedSourceField","","","","","","","-0.9880902114902023","","Active","Sin actualizaciones recientes en oportunidad"
"1tF8a000000Xf3CEAS","0","00000290","2023-08-03 01:13:42","0058a00000LLuwkAAD","2023-08-05 02:21:42","0058a00000LLuwkAAD","2023-08-05 02:21:42","2","HighSuccessOpportunityType","7D58a000000Xb3mCAC","Opportunity.Type","","New Business","New Business","","","","0.7092099918556153","Equals","Active","Tipo de oportunidad es New Business"
"1tF8a000000Xf3DEAS","0","00000291","2023-08-03 01:13:42","0058a00000LLuwkAAD","2023-08-05 02:21:42","0058a00000LLuwkAAD","2023-08-05 02:21:42","2","HighSuccessIndustry","7D58a000000Xb3mCAC","Opportunity.Account.Industry","","Other","Other","","","","0.8445325034089954","Equals","Active","Industria es Other"
"1tF8a000000Xf3EEAS","0","00000292","2023-08-03 01:13:42","0058a00000LLuwkAAD","2023-08-05 02:21:42","0058a00000LLuwkAAD","2023-08-05 02:21:42","2","CloseDateMovedEarlier","7D58a000000Xb3mCAC","Opportunity.CloseDate","","","","","","","0.5555582298743915","","Active","Fecha de cierre se adelantó"
"1tF8a000000Xf3FEAS","0","00000293","2023-08-03 01:13:42","0058a00000LLuwkAAD","2023-08-05 02:21:42","0058a00000LLuwkAAD","2023-08-05 02:21:42","2","CloseDateDelayNegative","7D58a000000Xb3mCAC","Opportunity.CloseDate","","","","","","","-0.8236168691440969","","Active","Fecha de cierre se retrasó"
"1tF8a000000Xf3GEAS","0","00000294","2023-08-03 01:13:42","0058a00000LLuwkAAD","2023-08-05 02:21:42","0058a00000LLuwkAAD","2023-08-05 02:21:42","2","MultipleCloseDateDelayPositive","7D58a000000Xb3mCAC","Opportunity.CloseDate","","","","","","","0.5644286591287889","","Active","Fecha de cierre se sigue retrasando"
"1tF8a000000Xf3HEAS","0","00000295","2023-08-03 01:13:42","0058a00000LLuwkAAD","2023-08-05 02:21:42","0058a00000LLuwkAAD","2023-08-05 02:21:42","2","AmountFieldEmpty","7D58a000000Xb3mCAC","Opportunity.Amount","","true","","","","","-0.3912366923052861","IsNull","Active","El campo Importe está vacío"
"1tF8a000000Xf3IEAS","0","00000296","2023-08-03 01:13:42","0058a00000LLuwkAAD","2023-08-05 02:21:42","0058a00000LLuwkAAD","2023-08-05 02:21:42","2","MultipleAmountDecreasesPositive","7D58a000000Xb3mCAC","Opportunity.Amount","","","","","","","0.410798060891119","","Active","Importe continúa descendiendo"
"1tF8a000000Xf3JEAS","0","00000297","2023-08-03 01:13:42","0058a00000LLuwkAAD","2023-08-05 02:21:42","0058a00000LLuwkAAD","2023-08-05 02:21:42","2","PastWinsWithRelatedAccounts","7D58a000000Xb3mCAC","Opportunity.Account","","","","","","","1.0","","Active","Ganancias pasadas con cuentas relacionadas"
"1tF8a000000Xf3KEAS","0","00000298","2023-08-03 01:13:42","0058a00000LLuwkAAD","2023-08-05 02:21:42","0058a00000LLuwkAAD","2023-08-05 02:21:42","2","PastLossesWithRelatedAccounts","7D58a000000Xb3mCAC","Opportunity.Account","","","","","","","-0.8083816639398281","","Active","Pérdidas pasadas con cuentas relacionadas"
"1tF8a000000Xf3LEAS","0","00000299","2023-08-03 01:13:42","0058a00000LLuwkAAD","2023-08-05 02:21:42","0058a00000LLuwkAAD","2023-08-05 02:21:42","2","HighAmountActivity","7D58a000000Xb3mCAC","Task.What","Event.What","","","","","","0.649912783401287","","Active","La oportunidad tiene muchas actividades"
"1tF8a000000XfExEAK","0","00000317","2023-08-29 03:40:39","0058a00000LLuwkAAD","2023-08-29 03:40:39","0058a00000LLuwkAAD","2023-08-29 03:40:39","1","MovedQuickFromPreviousStage","7D58a000000Xb4QCAS","Opportunity.StageName","","","","","","","0.8227152046927532","","Inactive","Oportunidad avanzó rápidamente desde la etapa anterior"
"1tF8a000000XfEyEAK","0","00000318","2023-08-29 03:40:39","0058a00000LLuwkAAD","2023-08-29 03:40:39","0058a00000LLuwkAAD","2023-08-29 03:40:39","1","StuckInCurrentStage","7D58a000000Xb4QCAS","Opportunity.StageName","","","","","","","-0.9637553180963457","","Inactive","Oportunidad se atascó en la etapa actual"
"1tF8a000000XfEzEAK","0","00000319","2023-08-29 03:40:39","0058a00000LLuwkAAD","2023-08-29 03:40:39","0058a00000LLuwkAAD","2023-08-29 03:40:39","1","MovingQuickThroughStages","7D58a000000Xb4QCAS","Opportunity.StageName","","","","","","","0.4350898557548822","","Inactive","Oportunidad avanzando rápidamente por las etapas"
"1tF8a000000XfF0EAK","0","00000320","2023-08-29 03:40:39","0058a00000LLuwkAAD","2023-08-29 03:40:39","0058a00000LLuwkAAD","2023-08-29 03:40:39","1","MovingSlowThroughStages","7D58a000000Xb4QCAS","Opportunity.StageName","","","","","","","-0.8343597529871807","","Inactive","Oportunidad avanzando lentamente por las etapas"
"1tF8a000000XfF1EAK","0","00000321","2023-08-29 03:40:39","0058a00000LLuwkAAD","2023-08-29 03:40:39","0058a00000LLuwkAAD","2023-08-29 03:40:39","1","HighSuccessCurrentStage","7D58a000000Xb4QCAS","Opportunity.StageName","","Firmas","Firmas","","","","0.8317032576576191","Equals","Inactive","Etapa es Firmas"
"1tF8a000000XfF2EAK","0","00000322","2023-08-29 03:40:39","0058a00000LLuwkAAD","2023-08-29 03:40:39","0058a00000LLuwkAAD","2023-08-29 03:40:39","1","LowSuccessCurrentStage","7D58a000000Xb4QCAS","Opportunity.StageName","","Presentación Propuesta","Presentación Propuesta","","","","-0.9645750531811437","Equals","Inactive","Etapa es Presentación Propuesta"
"1tF8a000000XfF3EAK","0","00000323","2023-08-29 03:40:39","0058a00000LLuwkAAD","2023-08-29 03:40:39","0058a00000LLuwkAAD","2023-08-29 03:40:39","1","NoRecentUpdates","7D58a000000Xb4QCAS","NoAssociatedSourceField","","","","","","","-1.0","","Inactive","Sin actualizaciones recientes en oportunidad"
"1tF8a000000XfF4EAK","0","00000324","2023-08-29 03:40:39","0058a00000LLuwkAAD","2023-08-29 03:40:39","0058a00000LLuwkAAD","2023-08-29 03:40:39","1","HighSuccessOpportunityType","7D58a000000Xb4QCAS","Opportunity.Type","","New Business","New Business","","","","0.7199916111031497","Equals","Inactive","Tipo de oportunidad es New Business"
"1tF8a000000XfF5EAK","0","00000325","2023-08-29 03:40:39","0058a00000LLuwkAAD","2023-08-29 03:40:39","0058a00000LLuwkAAD","2023-08-29 03:40:39","1","HighSuccessIndustry","7D58a000000Xb4QCAS","Opportunity.Account.Industry","","Other","Other","","","","0.7733165404154264","Equals","Inactive","Industria es Other"
"1tF8a000000XfF6EAK","0","00000326","2023-08-29 03:40:39","0058a00000LLuwkAAD","2023-08-29 03:40:39","0058a00000LLuwkAAD","2023-08-29 03:40:39","1","CloseDateMovedEarlier","7D58a000000Xb4QCAS","Opportunity.CloseDate","","","","","","","0.5679132665715717","","Inactive","Fecha de cierre se adelantó"
"1tF8a000000XfF7EAK","0","00000327","2023-08-29 03:40:39","0058a00000LLuwkAAD","2023-08-29 03:40:39","0058a00000LLuwkAAD","2023-08-29 03:40:39","1","CloseDateDelayNegative","7D58a000000Xb4QCAS","Opportunity.CloseDate","","","","","","","-0.756470124838335","","Inactive","Fecha de cierre se retrasó"
"1tF8a000000XfF8EAK","0","00000328","2023-08-29 03:40:39","0058a00000LLuwkAAD","2023-08-29 03:40:39","0058a00000LLuwkAAD","2023-08-29 03:40:39","1","MultipleCloseDateDelayPositive","7D58a000000Xb4QCAS","Opportunity.CloseDate","","","","","","","0.5579032068274657","","Inactive","Fecha de cierre se sigue retrasando"
"1tF8a000000XfF9EAK","0","00000329","2023-08-29 03:40:39","0058a00000LLuwkAAD","2023-08-29 03:40:39","0058a00000LLuwkAAD","2023-08-29 03:40:39","1","AmountFieldEmpty","7D58a000000Xb4QCAS","Opportunity.Amount","","true","","","","","-0.4153581679689507","IsNull","Inactive","El campo Importe está vacío"
"1tF8a000000XfFAEA0","0","00000330","2023-08-29 03:40:39","0058a00000LLuwkAAD","2023-08-29 03:40:39","0058a00000LLuwkAAD","2023-08-29 03:40:39","1","MultipleAmountDecreasesPositive","7D58a000000Xb4QCAS","Opportunity.Amount","","","","","","","0.38256612190693307","","Inactive","Importe continúa descendiendo"
"1tF8a000000XfFBEA0","0","00000331","2023-08-29 03:40:39","0058a00000LLuwkAAD","2023-08-29 03:40:39","0058a00000LLuwkAAD","2023-08-29 03:40:39","1","PastWinsWithRelatedAccounts","7D58a000000Xb4QCAS","Opportunity.Account","","","","","","","1.0","","Inactive","Ganancias pasadas con cuentas relacionadas"
"1tF8a000000XfFCEA0","0","00000332","2023-08-29 03:40:39","0058a00000LLuwkAAD","2023-08-29 03:40:39","0058a00000LLuwkAAD","2023-08-29 03:40:39","1","PastLossesWithRelatedAccounts","7D58a000000Xb4QCAS","Opportunity.Account","","","","","","","-0.7505948697499583","","Inactive","Pérdidas pasadas con cuentas relacionadas"
"1tF8a000000XfFDEA0","0","00000333","2023-08-29 03:40:39","0058a00000LLuwkAAD","2023-08-29 03:40:39","0058a00000LLuwkAAD","2023-08-29 03:40:39","1","HighAmountActivity","7D58a000000Xb4QCAS","Task.What","Event.What","","","","","","0.5777023967898264","","Inactive","La oportunidad tiene muchas actividades"
"1tF8a000000oQN9EAM","0","00000115","2023-04-05 00:51:52","0058a00000LLuwkAAD","2023-05-02 21:26:34","0058a00000LLuwkAAD","2023-05-02 21:26:34","3","MovedQuickFromPreviousStage","7D58a000000oNUoCAM","Opportunity.StageName","","","","","","","0.8053972565266394","","Inactive","Oportunidad avanzó rápidamente desde la etapa anterior"
"1tF8a000000oQNAEA2","0","00000116","2023-04-05 00:51:52","0058a00000LLuwkAAD","2023-05-02 21:26:34","0058a00000LLuwkAAD","2023-05-02 21:26:34","3","StuckInCurrentStage","7D58a000000oNUoCAM","Opportunity.StageName","","","","","","","-0.1618512042123304","","Inactive","Oportunidad se atascó en la etapa actual"
"1tF8a000000oQNBEA2","0","00000117","2023-04-05 00:51:52","0058a00000LLuwkAAD","2023-05-02 21:26:34","0058a00000LLuwkAAD","2023-05-02 21:26:34","3","MovingSlowThroughStages","7D58a000000oNUoCAM","Opportunity.StageName","","","","","","","-0.8803196745975679","","Inactive","Oportunidad avanzando lentamente por las etapas"
"1tF8a000000oQNCEA2","0","00000118","2023-04-05 00:51:52","0058a00000LLuwkAAD","2023-05-02 21:26:34","0058a00000LLuwkAAD","2023-05-02 21:26:34","3","NoRecentUpdates","7D58a000000oNUoCAM","NoAssociatedSourceField","","","","","","","-1.0","","Inactive","Sin actualizaciones recientes en oportunidad"
"1tF8a000000oQNDEA2","0","00000119","2023-04-05 00:51:52","0058a00000LLuwkAAD","2023-05-02 21:26:34","0058a00000LLuwkAAD","2023-05-02 21:26:34","3","CloseDateMovedEarlier","7D58a000000oNUoCAM","Opportunity.CloseDate","","","","","","","0.8534250871298034","","Inactive","Fecha de cierre se adelantó"
"1tF8a000000oQNEEA2","0","00000120","2023-04-05 00:51:52","0058a00000LLuwkAAD","2023-05-02 21:26:34","0058a00000LLuwkAAD","2023-05-02 21:26:34","3","CloseDateDelayNegative","7D58a000000oNUoCAM","Opportunity.CloseDate","","","","","","","-0.9901457009342397","","Inactive","Fecha de cierre se retrasó"
"1tF8a000000oQNFEA2","0","00000121","2023-04-05 00:51:52","0058a00000LLuwkAAD","2023-05-02 21:26:34","0058a00000LLuwkAAD","2023-05-02 21:26:34","3","MultipleCloseDateDelayPositive","7D58a000000oNUoCAM","Opportunity.CloseDate","","","","","","","0.6979652506621548","","Inactive","Fecha de cierre se sigue retrasando"
"1tF8a000000oQNGEA2","0","00000122","2023-04-05 00:51:52","0058a00000LLuwkAAD","2023-05-02 21:26:34","0058a00000LLuwkAAD","2023-05-02 21:26:34","3","AmountIncreasePositive","7D58a000000oNUoCAM","Opportunity.Amount","","","","","","","0.8745536536079327","","Inactive","Importe aumentó"
"1tF8a000000oQNHEA2","0","00000123","2023-04-05 00:51:52","0058a00000LLuwkAAD","2023-05-02 21:26:34","0058a00000LLuwkAAD","2023-05-02 21:26:34","3","AmountDecreaseNegative","7D58a000000oNUoCAM","Opportunity.Amount","","","","","","","-0.8462656081679863","","Inactive","Importe bajó"
"1tF8a000000oQNIEA2","0","00000124","2023-04-05 00:51:52","0058a00000LLuwkAAD","2023-05-02 21:26:34","0058a00000LLuwkAAD","2023-05-02 21:26:34","3","AmountFieldEmpty","7D58a000000oNUoCAM","Opportunity.Amount","","true","","","","","-0.3251377607302328","IsNull","Inactive","El campo Importe está vacío"
"1tF8a000000oQNJEA2","0","00000125","2023-04-05 00:51:52","0058a00000LLuwkAAD","2023-05-02 21:26:34","0058a00000LLuwkAAD","2023-05-02 21:26:34","3","PastWinsWithRelatedAccounts","7D58a000000oNUoCAM","Opportunity.Account","","","","","","","1.0","","Inactive","Ganancias pasadas con cuentas relacionadas"
"1tF8a000000oQNKEA2","0","00000126","2023-04-05 00:51:52","0058a00000LLuwkAAD","2023-05-02 21:26:34","0058a00000LLuwkAAD","2023-05-02 21:26:34","3","HighAmountActivity","7D58a000000oNUoCAM","Task.What","Event.What","","","","","","0.8375910454787259","","Inactive","La oportunidad tiene muchas actividades"
"1tF8a000000oQNLEA2","0","00000127","2023-04-05 00:51:52","0058a00000LLuwkAAD","2023-05-02 21:26:34","0058a00000LLuwkAAD","2023-05-02 21:26:34","3","UpcomingActivity","7D58a000000oNUoCAM","Task.What","Event.What","","","","","","0.033183096684768376","","Inactive","Próxima actividad"
"1tF8a000000oQVMEA2","0","00000145","2023-04-30 12:53:04","0058a00000LLuwkAAD","2023-05-24 12:43:09","0058a00000LLuwkAAD","2023-05-24 12:43:09","3","MovedQuickFromPreviousStage","7D58a000000oNVSCA2","Opportunity.StageName","","","","","","","0.848751910974964","","Inactive","Oportunidad avanzó rápidamente desde la etapa anterior"
"1tF8a000000oQVNEA2","0","00000146","2023-04-30 12:53:04","0058a00000LLuwkAAD","2023-05-24 12:43:09","0058a00000LLuwkAAD","2023-05-24 12:43:09","3","StuckInCurrentStage","7D58a000000oNVSCA2","Opportunity.StageName","","","","","","","-0.7031707926348267","","Inactive","Oportunidad se atascó en la etapa actual"
"1tF8a000000oQVOEA2","0","00000147","2023-04-30 12:53:04","0058a00000LLuwkAAD","2023-05-24 12:43:09","0058a00000LLuwkAAD","2023-05-24 12:43:09","3","MovingQuickThroughStages","7D58a000000oNVSCA2","Opportunity.StageName","","","","","","","0.5461481876646559","","Inactive","Oportunidad avanzando rápidamente por las etapas"
"1tF8a000000oQVPEA2","0","00000148","2023-04-30 12:53:04","0058a00000LLuwkAAD","2023-05-24 12:43:09","0058a00000LLuwkAAD","2023-05-24 12:43:09","3","MovingSlowThroughStages","7D58a000000oNVSCA2","Opportunity.StageName","","","","","","","-0.5404267188425221","","Inactive","Oportunidad avanzando lentamente por las etapas"
"1tF8a000000oQVQEA2","0","00000149","2023-04-30 12:53:04","0058a00000LLuwkAAD","2023-05-24 12:43:09","0058a00000LLuwkAAD","2023-05-24 12:43:09","3","HighSuccessCurrentStage","7D58a000000oNVSCA2","Opportunity.StageName","","Firmas","Firmas","","","","0.6003820130449955","Equals","Inactive","Etapa es Firmas"
"1tF8a000000oQVREA2","0","00000150","2023-04-30 12:53:04","0058a00000LLuwkAAD","2023-05-24 12:43:09","0058a00000LLuwkAAD","2023-05-24 12:43:09","3","NoRecentUpdates","7D58a000000oNVSCA2","NoAssociatedSourceField","","","","","","","-0.9020434926298776","","Inactive","Sin actualizaciones recientes en oportunidad"
"1tF8a000000oQVSEA2","0","00000151","2023-04-30 12:53:04","0058a00000LLuwkAAD","2023-05-24 12:43:09","0058a00000LLuwkAAD","2023-05-24 12:43:09","3","HighSuccessOpportunityType","7D58a000000oNVSCA2","Opportunity.Type","","New Business","New Business","","","","0.8673788194015093","Equals","Inactive","Tipo de oportunidad es New Business"
"1tF8a000000oQVTEA2","0","00000152","2023-04-30 12:53:04","0058a00000LLuwkAAD","2023-05-24 12:43:09","0058a00000LLuwkAAD","2023-05-24 12:43:09","3","CloseDateMovedEarlier","7D58a000000oNVSCA2","Opportunity.CloseDate","","","","","","","0.7355977021969307","","Inactive","Fecha de cierre se adelantó"
"1tF8a000000oQVUEA2","0","00000153","2023-04-30 12:53:04","0058a00000LLuwkAAD","2023-05-24 12:43:09","0058a00000LLuwkAAD","2023-05-24 12:43:09","3","CloseDateDelayNegative","7D58a000000oNVSCA2","Opportunity.CloseDate","","","","","","","-0.8607341311596939","","Inactive","Fecha de cierre se retrasó"
"1tF8a000000oQVVEA2","0","00000154","2023-04-30 12:53:04","0058a00000LLuwkAAD","2023-05-24 12:43:09","0058a00000LLuwkAAD","2023-05-24 12:43:09","3","CloseDateOverdueNegative","7D58a000000oNVSCA2","Opportunity.CloseDate","","","","","","","-0.1427727737737521","","Inactive","Fecha de cierre vencida"
"1tF8a000000oQVWEA2","0","00000155","2023-04-30 12:53:04","0058a00000LLuwkAAD","2023-05-24 12:43:09","0058a00000LLuwkAAD","2023-05-24 12:43:09","3","MultipleCloseDateDelayPositive","7D58a000000oNVSCA2","Opportunity.CloseDate","","","","","","","0.6121580982051753","","Inactive","Fecha de cierre se sigue retrasando"
"1tF8a000000oQVXEA2","0","00000156","2023-04-30 12:53:04","0058a00000LLuwkAAD","2023-05-24 12:43:09","0058a00000LLuwkAAD","2023-05-24 12:43:09","3","AmountIncreasePositive","7D58a000000oNVSCA2","Opportunity.Amount","","","","","","","0.6336562001146252","","Inactive","Importe aumentó"
"1tF8a000000oQVYEA2","0","00000157","2023-04-30 12:53:04","0058a00000LLuwkAAD","2023-05-24 12:43:09","0058a00000LLuwkAAD","2023-05-24 12:43:09","3","AmountDecreaseNegative","7D58a000000oNVSCA2","Opportunity.Amount","","","","","","","-0.7234358366266794","","Inactive","Importe bajó"
"1tF8a000000oQVZEA2","0","00000158","2023-04-30 12:53:04","0058a00000LLuwkAAD","2023-05-24 12:43:09","0058a00000LLuwkAAD","2023-05-24 12:43:09","3","AmountFieldEmpty","7D58a000000oNVSCA2","Opportunity.Amount","","true","","","","","-0.2570542837873799","IsNull","Inactive","El campo Importe está vacío"
"1tF8a000000oQVaEAM","0","00000159","2023-04-30 12:53:04","0058a00000LLuwkAAD","2023-05-24 12:43:09","0058a00000LLuwkAAD","2023-05-24 12:43:09","3","PastWinsWithRelatedAccounts","7D58a000000oNVSCA2","Opportunity.Account","","","","","","","1.0","","Inactive","Ganancias pasadas con cuentas relacionadas"
"1tF8a000000oQVbEAM","0","00000160","2023-04-30 12:53:04","0058a00000LLuwkAAD","2023-05-24 12:43:09","0058a00000LLuwkAAD","2023-05-24 12:43:09","3","HighAmountActivity","7D58a000000oNVSCA2","Task.What","Event.What","","","","","","0.8491986521013297","","Inactive","La oportunidad tiene muchas actividades"
"1tF8a000000oQVcEAM","0","00000161","2023-04-30 12:53:04","0058a00000LLuwkAAD","2023-05-24 12:43:09","0058a00000LLuwkAAD","2023-05-24 12:43:09","3","UpcomingActivity","7D58a000000oNVSCA2","Task.What","Event.What","","","","","","0.020887373309639405","","Inactive","Próxima actividad"
"1tF8a000000oQllEAE","0","00000178","2023-05-22 05:49:16","0058a00000LLuwkAAD","2023-06-15 05:39:38","0058a00000LLuwkAAD","2023-06-15 05:39:39","3","MovedQuickFromPreviousStage","7D58a000000oNWVCA2","Opportunity.StageName","","","","","","","0.7607433640742548","","Inactive","Oportunidad avanzó rápidamente desde la etapa anterior"
"1tF8a000000oQlmEAE","0","00000179","2023-05-22 05:49:16","0058a00000LLuwkAAD","2023-06-15 05:39:38","0058a00000LLuwkAAD","2023-06-15 05:39:39","3","StuckInCurrentStage","7D58a000000oNWVCA2","Opportunity.StageName","","","","","","","-0.7364044385719047","","Inactive","Oportunidad se atascó en la etapa actual"
"1tF8a000000oQlnEAE","0","00000180","2023-05-22 05:49:16","0058a00000LLuwkAAD","2023-06-15 05:39:38","0058a00000LLuwkAAD","2023-06-15 05:39:39","3","MovingSlowThroughStages","7D58a000000oNWVCA2","Opportunity.StageName","","","","","","","-0.7968199181509871","","Inactive","Oportunidad avanzando lentamente por las etapas"
"1tF8a000000oQloEAE","0","00000181","2023-05-22 05:49:16","0058a00000LLuwkAAD","2023-06-15 05:39:38","0058a00000LLuwkAAD","2023-06-15 05:39:39","3","HighSuccessCurrentStage","7D58a000000oNWVCA2","Opportunity.StageName","","Firmas","Firmas","","","","0.5452321750675215","Equals","Inactive","Etapa es Firmas"
"1tF8a000000oQlpEAE","0","00000182","2023-05-22 05:49:16","0058a00000LLuwkAAD","2023-06-15 05:39:38","0058a00000LLuwkAAD","2023-06-15 05:39:39","3","LowSuccessCurrentStage","7D58a000000oNWVCA2","Opportunity.StageName","","Negociación","Negociación","","","","-0.5385698152045374","Equals","Inactive","Etapa es Negociación"
"1tF8a000000oQlqEAE","0","00000183","2023-05-22 05:49:16","0058a00000LLuwkAAD","2023-06-15 05:39:38","0058a00000LLuwkAAD","2023-06-15 05:39:39","3","NoRecentUpdates","7D58a000000oNWVCA2","NoAssociatedSourceField","","","","","","","-0.9469589307447304","","Inactive","Sin actualizaciones recientes en oportunidad"
"1tF8a000000oQlrEAE","0","00000184","2023-05-22 05:49:16","0058a00000LLuwkAAD","2023-06-15 05:39:38","0058a00000LLuwkAAD","2023-06-15 05:39:39","3","HighSuccessOpportunityType","7D58a000000oNWVCA2","Opportunity.Type","","New Business","New Business","","","","0.6615662286106818","Equals","Inactive","Tipo de oportunidad es New Business"
"1tF8a000000oQlsEAE","0","00000185","2023-05-22 05:49:16","0058a00000LLuwkAAD","2023-06-15 05:39:38","0058a00000LLuwkAAD","2023-06-15 05:39:39","3","CloseDateMovedEarlier","7D58a000000oNWVCA2","Opportunity.CloseDate","","","","","","","0.6141451040837272","","Inactive","Fecha de cierre se adelantó"
"1tF8a000000oQltEAE","0","00000186","2023-05-22 05:49:16","0058a00000LLuwkAAD","2023-06-15 05:39:38","0058a00000LLuwkAAD","2023-06-15 05:39:39","3","CloseDateDelayNegative","7D58a000000oNWVCA2","Opportunity.CloseDate","","","","","","","-0.92280512231447","","Inactive","Fecha de cierre se retrasó"
"1tF8a000000oQluEAE","0","00000187","2023-05-22 05:49:16","0058a00000LLuwkAAD","2023-06-15 05:39:38","0058a00000LLuwkAAD","2023-06-15 05:39:39","3","MultipleCloseDateDelayPositive","7D58a000000oNWVCA2","Opportunity.CloseDate","","","","","","","0.6871231423514463","","Inactive","Fecha de cierre se sigue retrasando"
"1tF8a000000oQlvEAE","0","00000188","2023-05-22 05:49:16","0058a00000LLuwkAAD","2023-06-15 05:39:38","0058a00000LLuwkAAD","2023-06-15 05:39:39","3","AmountIncreasePositive","7D58a000000oNWVCA2","Opportunity.Amount","","","","","","","0.8343414180502392","","Inactive","Importe aumentó"
"1tF8a000000oQlwEAE","0","00000189","2023-05-22 05:49:16","0058a00000LLuwkAAD","2023-06-15 05:39:38","0058a00000LLuwkAAD","2023-06-15 05:39:39","3","AmountDecreaseNegative","7D58a000000oNWVCA2","Opportunity.Amount","","","","","","","-0.647455110451613","","Inactive","Importe bajó"
"1tF8a000000oQlxEAE","0","00000190","2023-05-22 05:49:16","0058a00000LLuwkAAD","2023-06-15 05:39:38","0058a00000LLuwkAAD","2023-06-15 05:39:39","3","AmountFieldEmpty","7D58a000000oNWVCA2","Opportunity.Amount","","true","","","","","-0.5363216076165513","IsNull","Inactive","El campo Importe está vacío"
"1tF8a000000oQlyEAE","0","00000191","2023-05-22 05:49:16","0058a00000LLuwkAAD","2023-06-15 05:39:38","0058a00000LLuwkAAD","2023-06-15 05:39:39","3","PastWinsWithRelatedAccounts","7D58a000000oNWVCA2","Opportunity.Account","","","","","","","0.9504117235849948","","Inactive","Ganancias pasadas con cuentas relacionadas"
"1tF8a000000oQlzEAE","0","00000192","2023-05-22 05:49:16","0058a00000LLuwkAAD","2023-06-15 05:39:38","0058a00000LLuwkAAD","2023-06-15 05:39:39","3","PastLossesWithRelatedAccounts","7D58a000000oNWVCA2","Opportunity.Account","","","","","","","-0.5858928845145656","","Inactive","Pérdidas pasadas con cuentas relacionadas"
"1tF8a000000oQm0EAE","0","00000193","2023-05-22 05:49:16","0058a00000LLuwkAAD","2023-06-15 05:39:38","0058a00000LLuwkAAD","2023-06-15 05:39:39","3","HighAmountActivity","7D58a000000oNWVCA2","Task.What","Event.What","","","","","","0.8688504178216209","","Inactive","La oportunidad tiene muchas actividades"
