"Id","IsDeleted","Name","CurrencyIsoCode","CreatedDate","CreatedById","LastModifiedDate","LastModifiedById","SystemModstamp","Score","FeatureType","RecordId"
"66Z8a0000009DiTEAU","0","prevScoreValue","MXN","2023-02-14 00:02:28","0058a00000LLuwkAAD","2023-08-03 01:13:46","0058a00000LLuwkAAD","2023-08-03 01:13:46","2","OpportunityScore","0068a00001M8WIFAA3"
"66Z8a0000009DiUEAU","0","prevScoreValue","MXN","2023-02-14 00:02:28","0058a00000LLuwkAAD","2023-03-31 20:51:05","0058a00000LLuwkAAD","2023-03-31 20:51:05","26","OpportunityScore","0068a00001MEep1AAD"
"66Z8a0000009DiVEAU","0","prevScoreValue","MXN","2023-02-14 00:02:28","0058a00000LLuwkAAD","2023-03-10 22:34:17","0058a00000LLuwkAAD","2023-03-10 22:34:17","87","OpportunityScore","0068a00001M7UWsAAN"
"66Z8a0000009DiWEAU","0","prevScoreValue","MXN","2023-02-14 00:02:28","0058a00000LLuwkAAD","2023-03-27 18:39:54","0058a00000LLuwkAAD","2023-03-27 18:39:54","8","OpportunityScore","0068a00001MEW0kAAH"
"66Z8a0000009DiYEAU","0","prevScoreValue","MXN","2023-02-14 00:02:28","0058a00000LLuwkAAD","2023-03-08 06:58:36","0058a00000LLuwkAAD","2023-03-08 06:58:36","90","OpportunityScore","0068a00001M5NgzAAF"
"66Z8a0000009DiZEAU","0","prevScoreValue","MXN","2023-02-14 00:02:28","0058a00000LLuwkAAD","2023-04-05 00:51:58","0058a00000LLuwkAAD","2023-04-05 00:51:58","34","OpportunityScore","0068a00001M8OYMAA3"
"66Z8a0000009DiaEAE","0","prevScoreValue","MXN","2023-02-14 00:02:28","0058a00000LLuwkAAD","2023-03-10 22:34:17","0058a00000LLuwkAAD","2023-03-10 22:34:17","55","OpportunityScore","0068a00001M8Wb2AAF"
"66Z8a0000009DibEAE","0","prevScoreValue","MXN","2023-02-14 00:02:28","0058a00000LLuwkAAD","2023-08-29 03:40:43","0058a00000LLuwkAAD","2023-08-29 03:40:43","3","OpportunityScore","0068a00001JNDutAAH"
"66Z8a0000009DicEAE","0","prevScoreValue","MXN","2023-02-14 00:02:28","0058a00000LLuwkAAD","2023-04-30 12:53:09","0058a00000LLuwkAAD","2023-04-30 12:53:09","99","OpportunityScore","0068a00001JMm7RAAT"
"66Z8a0000009DidEAE","0","prevScoreValue","MXN","2023-02-14 00:02:28","0058a00000LLuwkAAD","2023-04-30 12:53:09","0058a00000LLuwkAAD","2023-04-30 12:53:09","15","OpportunityScore","0068a00001JMnS1AAL"
"66Z8a0000009DieEAE","0","prevScoreValue","MXN","2023-02-14 00:02:28","0058a00000LLuwkAAD","2023-03-20 22:15:06","0058a00000LLuwkAAD","2023-03-20 22:15:06","64","OpportunityScore","0068a00001M5NjKAAV"
"66Z8a0000009DifEAE","0","prevScoreValue","MXN","2023-02-14 00:02:28","0058a00000LLuwkAAD","2023-06-12 18:11:15","0058a00000LLuwkAAD","2023-06-12 18:11:15","29","OpportunityScore","0068a00001M8kB0AAJ"
"66Z8a0000009DihEAE","0","prevScoreValue","MXN","2023-02-14 00:02:28","0058a00000LLuwkAAD","2023-04-18 11:30:46","0058a00000LLuwkAAD","2023-04-18 11:30:46","69","OpportunityScore","0068a00001JNDUDAA5"
"66Z8a0000009DiiEAE","0","prevScoreValue","MXN","2023-02-14 00:02:28","0058a00000LLuwkAAD","2023-04-30 12:53:09","0058a00000LLuwkAAD","2023-04-30 12:53:09","99","OpportunityScore","0068a00001JNDUCAA5"
"66Z8a0000009DijEAE","0","prevScoreValue","MXN","2023-02-14 00:02:28","0058a00000LLuwkAAD","2023-04-05 00:51:58","0058a00000LLuwkAAD","2023-04-05 00:51:58","8","OpportunityScore","0068a00001JNDdYAAX"
"66Z8a0000009DikEAE","0","prevScoreValue","MXN","2023-02-14 00:02:28","0058a00000LLuwkAAD","2023-08-25 06:48:30","0058a00000LLuwkAAD","2023-08-25 06:48:30","2","OpportunityScore","0068a00001JNDlcAAH"
"66Z8a0000009DilEAE","0","prevScoreValue","MXN","2023-02-14 00:02:28","0058a00000LLuwkAAD","2023-04-30 12:53:09","0058a00000LLuwkAAD","2023-04-30 12:53:09","10","OpportunityScore","0068a00001MEVzNAAX"
"66Z8a0000009DimEAE","0","prevScoreValue","MXN","2023-02-14 00:02:28","0058a00000LLuwkAAD","2023-04-05 00:51:58","0058a00000LLuwkAAD","2023-04-05 00:51:58","54","OpportunityScore","0068a00001M8wXgAAJ"
"66Z8a0000009DinEAE","0","prevScoreValue","MXN","2023-02-14 00:02:28","0058a00000LLuwkAAD","2023-08-29 03:40:43","0058a00000LLuwkAAD","2023-08-29 03:40:43","2","OpportunityScore","0068a00001JMmWlAAL"
"66Z8a0000009DioEAE","0","prevScoreValue","MXN","2023-02-14 00:02:28","0058a00000LLuwkAAD","2023-07-28 01:52:34","0058a00000LLuwkAAD","2023-07-28 01:52:34","37","OpportunityScore","0068a00001MEf5XAAT"
"66Z8a0000009DipEAE","0","prevScoreValue","MXN","2023-02-14 00:02:28","0058a00000LLuwkAAD","2023-08-03 01:13:46","0058a00000LLuwkAAD","2023-08-03 01:13:46","2","OpportunityScore","0068a00001M8WFaAAN"
"66Z8a0000009DiqEAE","0","prevScoreValue","MXN","2023-02-14 00:02:28","0058a00000LLuwkAAD","2023-07-13 00:51:05","0058a00000LLuwkAAD","2023-07-13 00:51:05","2","OpportunityScore","0068a00001JNDyCAAX"
"66Z8a0000009DirEAE","0","prevScoreValue","MXN","2023-02-14 00:02:28","0058a00000LLuwkAAD","2023-07-08 21:27:46","0058a00000LLuwkAAD","2023-07-08 21:27:46","1","OpportunityScore","0068a00001LnIwrAAF"
"66Z8a0000009DitEAE","0","prevScoreValue","MXN","2023-02-14 00:02:28","0058a00000LLuwkAAD","2023-08-29 03:40:43","0058a00000LLuwkAAD","2023-08-29 03:40:43","12","OpportunityScore","0068a00001JNDOAAA5"
"66Z8a0000009DiuEAE","0","prevScoreValue","MXN","2023-02-14 00:02:28","0058a00000LLuwkAAD","2023-03-10 22:34:17","0058a00000LLuwkAAD","2023-03-10 22:34:17","72","OpportunityScore","0068a00001JMv49AAD"
"66Z8a0000009DivEAE","0","prevScoreValue","MXN","2023-02-14 00:02:28","0058a00000LLuwkAAD","2023-03-25 04:59:10","0058a00000LLuwkAAD","2023-03-25 04:59:10","5","OpportunityScore","0068a00001MEVwYAAX"
"66Z8a0000009DiwEAE","0","prevScoreValue","MXN","2023-02-14 00:02:28","0058a00000LLuwkAAD","2023-03-27 18:39:54","0058a00000LLuwkAAD","2023-03-27 18:39:54","6","OpportunityScore","0068a00001LnIxGAAV"
"66Z8a0000009DixEAE","0","prevScoreValue","MXN","2023-02-14 00:02:28","0058a00000LLuwkAAD","2023-05-15 01:03:10","0058a00000LLuwkAAD","2023-05-15 01:03:10","12","OpportunityScore","0068a00001LnIxHAAV"
"66Z8a0000009DiyEAE","0","prevScoreValue","MXN","2023-02-14 00:02:28","0058a00000LLuwkAAD","2023-06-12 18:11:15","0058a00000LLuwkAAD","2023-06-12 18:11:15","6","OpportunityScore","0068a00001JMnTiAAL"
"66Z8a0000009DizEAE","0","prevScoreValue","MXN","2023-02-14 00:02:28","0058a00000LLuwkAAD","2023-05-22 05:49:20","0058a00000LLuwkAAD","2023-05-22 05:49:20","20","OpportunityScore","0068a00001JMv4AAAT"
"66Z8a0000009Dj0EAE","0","prevScoreValue","MXN","2023-02-14 00:02:28","0058a00000LLuwkAAD","2023-04-05 00:51:58","0058a00000LLuwkAAD","2023-04-05 00:51:58","8","OpportunityScore","0068a00001JNDh1AAH"
"66Z8a0000009Dj1EAE","0","prevScoreValue","MXN","2023-02-14 00:02:28","0058a00000LLuwkAAD","2023-08-03 01:13:46","0058a00000LLuwkAAD","2023-08-03 01:13:46","7","OpportunityScore","0068a00001M6NmWAAV"
"66Z8a0000009Dj2EAE","0","prevScoreValue","MXN","2023-02-14 00:02:28","0058a00000LLuwkAAD","2023-02-17 13:08:49","0058a00000LLuwkAAD","2023-02-17 13:08:49","78","OpportunityScore","0068a00001LlPCQAA3"
"66Z8a0000009Dj3EAE","0","prevScoreValue","MXN","2023-02-14 00:02:28","0058a00000LLuwkAAD","2023-08-29 03:40:43","0058a00000LLuwkAAD","2023-08-29 03:40:43","3","OpportunityScore","0068a00001M6ZtVAAV"
"66Z8a0000009Dj4EAE","0","prevScoreValue","MXN","2023-02-14 00:02:28","0058a00000LLuwkAAD","2023-04-01 23:49:21","0058a00000LLuwkAAD","2023-04-01 23:49:21","18","OpportunityScore","0068a00001MEWiiAAH"
"66Z8a0000009Dj5EAE","0","prevScoreValue","MXN","2023-02-14 00:02:28","0058a00000LLuwkAAD","2023-07-08 21:27:46","0058a00000LLuwkAAD","2023-07-08 21:27:46","1","OpportunityScore","0068a00001MEWihAAH"
"66Z8a0000009Dj6EAE","0","prevScoreValue","MXN","2023-02-14 00:02:28","0058a00000LLuwkAAD","2023-05-09 06:48:29","0058a00000LLuwkAAD","2023-05-09 06:48:29","29","OpportunityScore","0068a00001JMUl0AAH"
"66Z8a0000009Dj8EAE","0","prevScoreValue","MXN","2023-02-14 00:02:28","0058a00000LLuwkAAD","2023-03-10 22:34:17","0058a00000LLuwkAAD","2023-03-10 22:34:17","70","OpportunityScore","0068a00001MEf5YAAT"
"66Z8a0000009Dj9EAE","0","prevScoreValue","MXN","2023-02-14 00:02:28","0058a00000LLuwkAAD","2023-04-26 05:30:31","0058a00000LLuwkAAD","2023-04-26 05:30:31","45","OpportunityScore","0068a00001LnIxgAAF"
"66Z8a0000009DjAEAU","0","prevScoreValue","MXN","2023-02-14 00:02:28","0058a00000LLuwkAAD","2023-08-03 01:13:46","0058a00000LLuwkAAD","2023-08-03 01:13:46","24","OpportunityScore","0068a00001JNDniAAH"
"66Z8a0000009DjBEAU","0","prevScoreValue","MXN","2023-02-14 00:02:28","0058a00000LLuwkAAD","2023-03-06 23:17:52","0058a00000LLuwkAAD","2023-03-06 23:17:52","97","OpportunityScore","0068a00001JMc4nAAD"
"66Z8a0000009DjDEAU","0","prevScoreValue","MXN","2023-02-14 00:02:28","0058a00000LLuwkAAD","2023-04-05 00:51:58","0058a00000LLuwkAAD","2023-04-05 00:51:58","6","OpportunityScore","0068a00001LnIxfAAF"
"66Z8a0000009DjEEAU","0","prevScoreValue","MXN","2023-02-14 00:02:28","0058a00000LLuwkAAD","2023-04-05 00:51:58","0058a00000LLuwkAAD","2023-04-05 00:51:58","9","OpportunityScore","0068a00001JNDp0AAH"
"66Z8a0000009DjFEAU","0","prevScoreValue","MXN","2023-02-14 00:02:28","0058a00000LLuwkAAD","2023-03-10 22:34:17","0058a00000LLuwkAAD","2023-03-10 22:34:17","73","OpportunityScore","0068a00001JNE7VAAX"
"66Z8a0000009DjGEAU","0","prevScoreValue","MXN","2023-02-14 00:02:28","0058a00000LLuwkAAD","2023-05-22 05:49:20","0058a00000LLuwkAAD","2023-05-22 05:49:20","56","OpportunityScore","0068a00001M8W7IAAV"
"66Z8a0000009DjHEAU","0","prevScoreValue","MXN","2023-02-14 00:02:28","0058a00000LLuwkAAD","2023-07-08 21:27:46","0058a00000LLuwkAAD","2023-07-08 21:27:46","1","OpportunityScore","0068a00001LoNoWAAV"
"66Z8a0000009DjIEAU","0","prevScoreValue","MXN","2023-02-14 00:02:28","0058a00000LLuwkAAD","2023-08-29 03:40:43","0058a00000LLuwkAAD","2023-08-29 03:40:43","2","OpportunityScore","0068a00001JNE34AAH"
"66Z8a0000009DjJEAU","0","prevScoreValue","MXN","2023-02-14 00:02:28","0058a00000LLuwkAAD","2023-02-23 01:41:22","0058a00000LLuwkAAD","2023-02-23 01:41:22","60","OpportunityScore","0068a00001LleJRAAZ"
"66Z8a0000009DjLEAU","0","prevScoreValue","MXN","2023-02-14 00:02:28","0058a00000LLuwkAAD","2023-08-29 03:40:43","0058a00000LLuwkAAD","2023-08-29 03:40:43","76","OpportunityScore","0068a00001M7hbNAAR"
"66Z8a0000009DjMEAU","0","prevScoreValue","MXN","2023-02-14 00:02:28","0058a00000LLuwkAAD","2023-03-28 06:16:57","0058a00000LLuwkAAD","2023-03-28 06:16:57","8","OpportunityScore","0068a00001JMv5qAAD"
"66Z8a0000009DjNEAU","0","prevScoreValue","MXN","2023-02-14 00:02:28","0058a00000LLuwkAAD","2023-08-31 00:51:39","0058a00000LLuwkAAD","2023-08-31 00:51:39","26","OpportunityScore","0068a00001JNDZHAA5"
"66Z8a0000009DjOEAU","0","prevScoreValue","MXN","2023-02-14 00:02:28","0058a00000LLuwkAAD","2023-05-22 05:49:20","0058a00000LLuwkAAD","2023-05-22 05:49:20","48","OpportunityScore","0068a00001M8WClAAN"
"66Z8a0000009DjPEAU","0","prevScoreValue","MXN","2023-02-14 00:02:28","0058a00000LLuwkAAD","2023-04-03 06:48:46","0058a00000LLuwkAAD","2023-04-03 06:48:46","8","OpportunityScore","0068a00001MEWgCAAX"
"66Z8a0000009DjREAU","0","prevScoreValue","MXN","2023-02-14 00:02:28","0058a00000LLuwkAAD","2023-05-22 05:49:20","0058a00000LLuwkAAD","2023-05-22 05:49:20","56","OpportunityScore","0068a00001M8WCqAAN"
"66Z8a0000009DjSEAU","0","prevScoreValue","MXN","2023-02-14 00:02:28","0058a00000LLuwkAAD","2023-08-03 01:13:46","0058a00000LLuwkAAD","2023-08-03 01:13:46","3","OpportunityScore","0068a00001JMmDZAA1"
"66Z8a0000009DjTEAU","0","prevScoreValue","MXN","2023-02-14 00:02:28","0058a00000LLuwkAAD","2023-06-08 23:26:14","0058a00000LLuwkAAD","2023-06-08 23:26:14","96","OpportunityScore","0068a00001M87y1AAB"
"66Z8a0000009DjVEAU","0","prevScoreValue","MXN","2023-02-14 00:02:28","0058a00000LLuwkAAD","2023-03-30 08:17:59","0058a00000LLuwkAAD","2023-03-30 08:17:59","67","OpportunityScore","0068a00001ME40yAAD"
"66Z8a0000009DjWEAU","0","prevScoreValue","MXN","2023-02-14 00:02:28","0058a00000LLuwkAAD","2023-07-08 21:27:46","0058a00000LLuwkAAD","2023-07-08 21:27:46","1","OpportunityScore","0068a00001M5NeoAAF"
"66Z8a0000009DjXEAU","0","prevScoreValue","MXN","2023-02-14 00:02:28","0058a00000LLuwkAAD","2023-02-14 00:02:28","0058a00000LLuwkAAD","2023-02-14 00:02:28","","OpportunityScore","0068a00001MET8bAAH"
"66Z8a0000009DjYEAU","0","prevScoreValue","MXN","2023-02-14 00:02:28","0058a00000LLuwkAAD","2023-03-30 08:17:59","0058a00000LLuwkAAD","2023-03-30 08:17:59","46","OpportunityScore","0068a00001LlX9EAAV"
"66Z8a0000009DjZEAU","0","prevScoreValue","MXN","2023-02-14 00:02:28","0058a00000LLuwkAAD","2023-03-31 07:44:04","0058a00000LLuwkAAD","2023-03-31 07:44:04","18","OpportunityScore","0068a00001MEVuwAAH"
"66Z8a0000009DjaEAE","0","prevScoreValue","MXN","2023-02-14 00:02:28","0058a00000LLuwkAAD","2023-03-25 04:59:10","0058a00000LLuwkAAD","2023-03-25 04:59:10","4","OpportunityScore","0068a00001LleJWAAZ"
"66Z8a0000009DjbEAE","0","prevScoreValue","MXN","2023-02-14 00:02:28","0058a00000LLuwkAAD","2023-07-14 18:38:00","0058a00000LLuwkAAD","2023-07-14 18:38:00","5","OpportunityScore","0068a00001JNDY9AAP"
"66Z8a0000009DjcEAE","0","prevScoreValue","MXN","2023-02-14 00:02:28","0058a00000LLuwkAAD","2023-08-03 01:13:46","0058a00000LLuwkAAD","2023-08-03 01:13:46","9","OpportunityScore","0068a00001M8WEXAA3"
"66Z8a0000009DjdEAE","0","prevScoreValue","MXN","2023-02-14 00:02:28","0058a00000LLuwkAAD","2023-05-22 05:49:20","0058a00000LLuwkAAD","2023-05-22 05:49:20","56","OpportunityScore","0068a00001M8W5HAAV"
"66Z8a0000009DjeEAE","0","prevScoreValue","MXN","2023-02-14 00:02:28","0058a00000LLuwkAAD","2023-04-05 00:51:58","0058a00000LLuwkAAD","2023-04-05 00:51:58","8","OpportunityScore","0068a00001JNDQ0AAP"
"66Z8a0000009DjfEAE","0","prevScoreValue","MXN","2023-02-14 00:02:28","0058a00000LLuwkAAD","2023-03-10 22:34:17","0058a00000LLuwkAAD","2023-03-10 22:34:17","86","OpportunityScore","0068a00001LleI5AAJ"
"66Z8a0000009DjgEAE","0","prevScoreValue","MXN","2023-02-14 00:02:28","0058a00000LLuwkAAD","2023-03-10 22:34:17","0058a00000LLuwkAAD","2023-03-10 22:34:17","70","OpportunityScore","0068a00001LleI4AAJ"
"66Z8a0000009DjhEAE","0","prevScoreValue","MXN","2023-02-14 00:02:28","0058a00000LLuwkAAD","2023-03-10 03:57:36","0058a00000LLuwkAAD","2023-03-10 03:57:36","67","OpportunityScore","0068a00001LleHMAAZ"
"66Z8a0000009DjiEAE","0","prevScoreValue","MXN","2023-02-14 00:02:28","0058a00000LLuwkAAD","2023-03-27 18:39:54","0058a00000LLuwkAAD","2023-03-27 18:39:54","6","OpportunityScore","0068a00001LoN9YAAV"
"66Z8a0000009DjjEAE","0","prevScoreValue","MXN","2023-02-14 00:02:28","0058a00000LLuwkAAD","2023-04-01 23:49:21","0058a00000LLuwkAAD","2023-04-01 23:49:21","23","OpportunityScore","0068a00001LleHLAAZ"
"66Z8a0000009DjkEAE","0","prevScoreValue","MXN","2023-02-14 00:02:28","0058a00000LLuwkAAD","2023-04-30 12:53:09","0058a00000LLuwkAAD","2023-04-30 12:53:09","99","OpportunityScore","0068a00001JMm78AAD"
"66Z8a0000009DjnEAE","0","prevScoreValue","MXN","2023-02-14 00:02:28","0058a00000LLuwkAAD","2023-04-30 12:53:09","0058a00000LLuwkAAD","2023-04-30 12:53:09","68","OpportunityScore","0068a00001MEVsHAAX"
"66Z8a0000009DjoEAE","0","prevScoreValue","MXN","2023-02-14 00:02:28","0058a00000LLuwkAAD","2023-06-29 04:47:01","0058a00000LLuwkAAD","2023-06-29 04:47:01","88","OpportunityScore","0068a00001JMteUAAT"
"66Z8a0000009DjpEAE","0","prevScoreValue","MXN","2023-02-14 00:02:28","0058a00000LLuwkAAD","2023-04-05 00:51:58","0058a00000LLuwkAAD","2023-04-05 00:51:58","84","OpportunityScore","0068a00001JMsbsAAD"
"66Z8a0000009DjqEAE","0","prevScoreValue","MXN","2023-02-14 00:02:28","0058a00000LLuwkAAD","2023-04-30 12:53:09","0058a00000LLuwkAAD","2023-04-30 12:53:09","97","OpportunityScore","0068a00001JNDkjAAH"
"66Z8a0000009DjrEAE","0","prevScoreValue","MXN","2023-02-14 00:02:28","0058a00000LLuwkAAD","2023-08-10 03:41:20","0058a00000LLuwkAAD","2023-08-10 03:41:20","17","OpportunityScore","0068a00001JMuwHAAT"
"66Z8a0000009DjsEAE","0","prevScoreValue","MXN","2023-02-14 00:02:28","0058a00000LLuwkAAD","2023-02-23 01:41:22","0058a00000LLuwkAAD","2023-02-23 01:41:22","60","OpportunityScore","0068a00001LleITAAZ"
"66Z8a0000009DjtEAE","0","prevScoreValue","MXN","2023-02-14 00:02:28","0058a00000LLuwkAAD","2023-06-17 19:38:43","0058a00000LLuwkAAD","2023-06-17 19:38:43","18","OpportunityScore","0068a00001M5NkmAAF"
"66Z8a0000009DjvEAE","0","prevScoreValue","MXN","2023-02-14 00:02:28","0058a00000LLuwkAAD","2023-05-03 20:26:48","0058a00000LLuwkAAD","2023-05-03 20:26:48","22","OpportunityScore","0068a00001M8WCcAAN"
"66Z8a0000009DjwEAE","0","prevScoreValue","MXN","2023-02-14 00:02:28","0058a00000LLuwkAAD","2023-03-31 07:44:04","0058a00000LLuwkAAD","2023-03-31 07:44:04","69","OpportunityScore","0068a00001M8WCbAAN"
"66Z8a0000009DjxEAE","0","prevScoreValue","MXN","2023-02-14 00:02:28","0058a00000LLuwkAAD","2023-04-05 00:51:58","0058a00000LLuwkAAD","2023-04-05 00:51:58","76","OpportunityScore","0068a00001JNDbmAAH"
"66Z8a0000009DjzEAE","0","prevScoreValue","MXN","2023-02-14 00:02:28","0058a00000LLuwkAAD","2023-08-29 03:40:43","0058a00000LLuwkAAD","2023-08-29 03:40:43","47","OpportunityScore","0068a00001JMmMWAA1"
"66Z8a0000009Dk0EAE","0","prevScoreValue","MXN","2023-02-14 00:02:28","0058a00000LLuwkAAD","2023-06-04 08:07:37","0058a00000LLuwkAAD","2023-06-04 08:07:37","8","OpportunityScore","0068a00001JNDsJAAX"
"66Z8a0000009Dk1EAE","0","prevScoreValue","MXN","2023-02-14 00:02:28","0058a00000LLuwkAAD","2023-04-30 12:53:09","0058a00000LLuwkAAD","2023-04-30 12:53:09","88","OpportunityScore","0068a00001JMmF2AAL"
"66Z8a0000009Dk2EAE","0","prevScoreValue","MXN","2023-02-14 00:02:28","0058a00000LLuwkAAD","2023-05-22 05:49:20","0058a00000LLuwkAAD","2023-05-22 05:49:20","72","OpportunityScore","0068a00001M8WCSAA3"
"66Z8a0000009Dk3EAE","0","prevScoreValue","MXN","2023-02-14 00:02:28","0058a00000LLuwkAAD","2023-08-29 03:40:43","0058a00000LLuwkAAD","2023-08-29 03:40:43","99","OpportunityScore","0068a00001M8WCRAA3"
"66Z8a0000009Dk4EAE","0","prevScoreValue","MXN","2023-02-14 00:02:28","0058a00000LLuwkAAD","2023-02-14 00:02:28","0058a00000LLuwkAAD","2023-02-14 00:02:28","","OpportunityScore","0068a00001M8WCWAA3"
"66Z8a0000009Dk5EAE","0","prevScoreValue","MXN","2023-02-14 00:02:28","0058a00000LLuwkAAD","2023-05-23 08:17:54","0058a00000LLuwkAAD","2023-05-23 08:17:54","16","OpportunityScore","0068a00001JMv7DAAT"
"66Z8a0000009DpJEAU","0","prevScoreValue","MXN","2023-02-15 08:07:35","0058a00000LLuwkAAD","2023-04-17 20:36:39","0058a00000LLuwkAAD","2023-04-17 20:36:39","69","OpportunityScore","0068a00001MYbz5AAD"
"66Z8a0000009E0CEAU","0","prevScoreValue","MXN","2023-02-17 13:08:48","0058a00000LLuwkAAD","2023-04-18 11:30:46","0058a00000LLuwkAAD","2023-04-18 11:30:46","19","OpportunityScore","0068a00001MYsX1AAL"
"66Z8a0000009E0DEAU","0","prevScoreValue","MXN","2023-02-17 13:08:48","0058a00000LLuwkAAD","2023-04-30 12:53:09","0058a00000LLuwkAAD","2023-04-30 12:53:09","80","OpportunityScore","0068a00001MYsNpAAL"
"66Z8a0000009E0EEAU","0","prevScoreValue","MXN","2023-02-17 13:08:48","0058a00000LLuwkAAD","2023-04-30 12:53:09","0058a00000LLuwkAAD","2023-04-30 12:53:09","65","OpportunityScore","0068a00001MYsNqAAL"
"66Z8a0000009E0FEAU","0","prevScoreValue","MXN","2023-02-17 13:08:48","0058a00000LLuwkAAD","2023-06-12 18:11:15","0058a00000LLuwkAAD","2023-06-12 18:11:15","13","OpportunityScore","0068a00001MYsDqAAL"
"66Z8a0000009E0GEAU","0","prevScoreValue","MXN","2023-02-17 13:08:48","0058a00000LLuwkAAD","2023-06-12 18:11:15","0058a00000LLuwkAAD","2023-06-12 18:11:15","2","OpportunityScore","0068a00001MYsDpAAL"
"66Z8a0000009E0HEAU","0","prevScoreValue","MXN","2023-02-17 13:08:48","0058a00000LLuwkAAD","2023-04-30 12:53:09","0058a00000LLuwkAAD","2023-04-30 12:53:09","65","OpportunityScore","0068a00001MYsYdAAL"
"66Z8a0000009E0IEAU","0","prevScoreValue","MXN","2023-02-17 13:08:48","0058a00000LLuwkAAD","2023-04-14 22:44:54","0058a00000LLuwkAAD","2023-04-14 22:44:54","36","OpportunityScore","0068a00001MYsNBAA1"
"66Z8a0000009E0JEAU","0","prevScoreValue","MXN","2023-02-17 13:08:48","0058a00000LLuwkAAD","2023-04-14 22:44:54","0058a00000LLuwkAAD","2023-04-14 22:44:54","38","OpportunityScore","0068a00001MYsQoAAL"
"66Z8a0000009E0KEAU","0","prevScoreValue","MXN","2023-02-17 13:08:48","0058a00000LLuwkAAD","2023-04-30 12:53:09","0058a00000LLuwkAAD","2023-04-30 12:53:09","50","OpportunityScore","0068a00001MYsQuAAL"
"66Z8a0000009E0LEAU","0","prevScoreValue","MXN","2023-02-17 13:08:48","0058a00000LLuwkAAD","2023-04-30 12:53:09","0058a00000LLuwkAAD","2023-04-30 12:53:09","54","OpportunityScore","0068a00001MYsQtAAL"
"66Z8a0000009E0MEAU","0","prevScoreValue","MXN","2023-02-17 13:08:48","0058a00000LLuwkAAD","2023-06-12 18:11:15","0058a00000LLuwkAAD","2023-06-12 18:11:15","7","OpportunityScore","0068a00001MYsGuAAL"
"66Z8a0000009E0NEAU","0","prevScoreValue","MXN","2023-02-17 13:08:48","0058a00000LLuwkAAD","2023-04-18 11:30:46","0058a00000LLuwkAAD","2023-04-18 11:30:46","19","OpportunityScore","0068a00001MYsGtAAL"
"66Z8a0000009E0OEAU","0","prevScoreValue","MXN","2023-02-17 13:08:48","0058a00000LLuwkAAD","2023-04-30 12:53:09","0058a00000LLuwkAAD","2023-04-30 12:53:09","88","OpportunityScore","0068a00001MYsTeAAL"
"66Z8a0000009E0PEAU","0","prevScoreValue","MXN","2023-02-17 13:08:48","0058a00000LLuwkAAD","2023-04-30 12:53:09","0058a00000LLuwkAAD","2023-04-30 12:53:09","92","OpportunityScore","0068a00001MYsTdAAL"
"66Z8a0000009E0QEAU","0","prevScoreValue","MXN","2023-02-17 13:08:48","0058a00000LLuwkAAD","2023-04-30 12:53:09","0058a00000LLuwkAAD","2023-04-30 12:53:09","65","OpportunityScore","0068a00001MYsaQAAT"
"66Z8a0000009E0REAU","0","prevScoreValue","MXN","2023-02-17 13:08:48","0058a00000LLuwkAAD","2023-04-30 12:53:09","0058a00000LLuwkAAD","2023-04-30 12:53:09","42","OpportunityScore","0068a00001MYsE4AAL"
"66Z8a0000009E0SEAU","0","prevScoreValue","MXN","2023-02-17 13:08:48","0058a00000LLuwkAAD","2023-04-30 12:53:09","0058a00000LLuwkAAD","2023-04-30 12:53:09","65","OpportunityScore","0068a00001MYsaPAAT"
"66Z8a0000009E0TEAU","0","prevScoreValue","MXN","2023-02-17 13:08:48","0058a00000LLuwkAAD","2023-04-30 12:53:09","0058a00000LLuwkAAD","2023-04-30 12:53:09","72","OpportunityScore","0068a00001MYsXmAAL"
"66Z8a0000009E0UEAU","0","prevScoreValue","MXN","2023-02-17 13:08:48","0058a00000LLuwkAAD","2023-04-30 12:53:09","0058a00000LLuwkAAD","2023-04-30 12:53:09","39","OpportunityScore","0068a00001MYsE9AAL"
"66Z8a0000009E0VEAU","0","prevScoreValue","MXN","2023-02-17 13:08:48","0058a00000LLuwkAAD","2023-04-30 12:53:09","0058a00000LLuwkAAD","2023-04-30 12:53:09","65","OpportunityScore","0068a00001MYsaUAAT"
"66Z8a0000009E0WEAU","0","prevScoreValue","MXN","2023-02-17 13:08:48","0058a00000LLuwkAAD","2023-08-29 03:40:43","0058a00000LLuwkAAD","2023-08-29 03:40:43","5","OpportunityScore","0068a00001MYsXlAAL"
"66Z8a0000009E0XEAU","0","prevScoreValue","MXN","2023-02-17 13:08:48","0058a00000LLuwkAAD","2023-04-18 11:30:46","0058a00000LLuwkAAD","2023-04-18 11:30:46","26","OpportunityScore","0068a00001MYsXkAAL"
"66Z8a0000009E0ZEAU","0","prevScoreValue","MXN","2023-02-17 13:08:48","0058a00000LLuwkAAD","2023-06-12 18:11:15","0058a00000LLuwkAAD","2023-06-12 18:11:15","2","OpportunityScore","0068a00001MYsXpAAL"
"66Z8a0000009E0aEAE","0","prevScoreValue","MXN","2023-02-17 13:08:48","0058a00000LLuwkAAD","2023-04-30 12:53:09","0058a00000LLuwkAAD","2023-04-30 12:53:09","79","OpportunityScore","0068a00001MYsYUAA1"
"66Z8a0000009E0bEAE","0","prevScoreValue","MXN","2023-02-17 13:08:48","0058a00000LLuwkAAD","2023-06-12 18:11:15","0058a00000LLuwkAAD","2023-06-12 18:11:15","5","OpportunityScore","0068a00001MYr9MAAT"
"66Z8a0000009E0cEAE","0","prevScoreValue","MXN","2023-02-17 13:08:48","0058a00000LLuwkAAD","2023-04-30 12:53:09","0058a00000LLuwkAAD","2023-04-30 12:53:09","72","OpportunityScore","0068a00001MYshaAAD"
"66Z8a0000009E0dEAE","0","prevScoreValue","MXN","2023-02-17 13:08:48","0058a00000LLuwkAAD","2023-06-02 19:13:20","0058a00000LLuwkAAD","2023-06-02 19:13:20","15","OpportunityScore","0068a00001MYsDBAA1"
"66Z8a0000009E0eEAE","0","prevScoreValue","MXN","2023-02-17 13:08:48","0058a00000LLuwkAAD","2023-02-17 13:08:48","0058a00000LLuwkAAD","2023-02-17 13:08:48","","OpportunityScore","0068a00001MYoOnAAL"
"66Z8a0000009E0fEAE","0","prevScoreValue","MXN","2023-02-17 13:08:48","0058a00000LLuwkAAD","2023-04-30 12:53:09","0058a00000LLuwkAAD","2023-04-30 12:53:09","94","OpportunityScore","0068a00001MYs45AAD"
"66Z8a0000009E0gEAE","0","prevScoreValue","MXN","2023-02-17 13:08:48","0058a00000LLuwkAAD","2023-04-30 12:53:09","0058a00000LLuwkAAD","2023-04-30 12:53:09","52","OpportunityScore","0068a00001MYsTUAA1"
"66Z8a0000009E0hEAE","0","prevScoreValue","MXN","2023-02-17 13:08:48","0058a00000LLuwkAAD","2023-04-16 02:57:06","0058a00000LLuwkAAD","2023-04-16 02:57:06","16","OpportunityScore","0068a00001MYsTTAA1"
"66Z8a0000009E0iEAE","0","prevScoreValue","MXN","2023-02-17 13:08:48","0058a00000LLuwkAAD","2023-04-14 22:44:54","0058a00000LLuwkAAD","2023-04-14 22:44:54","34","OpportunityScore","0068a00001MYsDCAA1"
"66Z8a0000009E0jEAE","0","prevScoreValue","MXN","2023-02-17 13:08:48","0058a00000LLuwkAAD","2023-04-30 12:53:09","0058a00000LLuwkAAD","2023-04-30 12:53:09","98","OpportunityScore","0068a00001MYsHNAA1"
"66Z8a0000009E0kEAE","0","prevScoreValue","MXN","2023-02-17 13:08:48","0058a00000LLuwkAAD","2023-04-18 11:30:46","0058a00000LLuwkAAD","2023-04-18 11:30:46","34","OpportunityScore","0068a00001MYsTYAA1"
"66Z8a0000009E0lEAE","0","prevScoreValue","MXN","2023-02-17 13:08:48","0058a00000LLuwkAAD","2023-04-30 12:53:09","0058a00000LLuwkAAD","2023-04-30 12:53:09","54","OpportunityScore","0068a00001MYshpAAD"
"66Z8a0000009E0mEAE","0","prevScoreValue","MXN","2023-02-17 13:08:48","0058a00000LLuwkAAD","2023-04-30 12:53:09","0058a00000LLuwkAAD","2023-04-30 12:53:09","94","OpportunityScore","0068a00001MYsHOAA1"
"66Z8a0000009E8WEAU","0","prevScoreValue","MXN","2023-02-23 01:41:22","0058a00000LLuwkAAD","2023-08-29 03:40:43","0058a00000LLuwkAAD","2023-08-29 03:40:43","50","OpportunityScore","0068a00001MYwg7AAD"
"66Z8a0000009E8XEAU","0","prevScoreValue","MXN","2023-02-23 01:41:22","0058a00000LLuwkAAD","2023-02-23 01:41:22","0058a00000LLuwkAAD","2023-02-23 01:41:22","","OpportunityScore","0068a00001MZYKqAAP"
"66Z8a0000009E8YEAU","0","prevScoreValue","MXN","2023-02-23 01:41:22","0058a00000LLuwkAAD","2023-08-29 03:40:43","0058a00000LLuwkAAD","2023-08-29 03:40:43","67","OpportunityScore","0068a00001MYwApAAL"
"66Z8a0000009EYVEA2","0","prevScoreValue","MXN","2023-02-24 08:03:08","0058a00000LLuwkAAD","2023-03-01 14:09:31","0058a00000LLuwkAAD","2023-03-01 14:09:31","85","OpportunityScore","0068a00001MZl0EAAT"
"66Z8a0000009EYXEA2","0","prevScoreValue","MXN","2023-02-24 08:03:08","0058a00000LLuwkAAD","2023-05-22 05:49:20","0058a00000LLuwkAAD","2023-05-22 05:49:20","1","OpportunityScore","0068a00001MZl9FAAT"
"66Z8a0000009EZEEA2","0","prevScoreValue","MXN","2023-02-25 02:55:37","0058a00000LLuwkAAD","2023-04-30 12:53:09","0058a00000LLuwkAAD","2023-04-30 12:53:09","6","OpportunityScore","0068a00001MZrl6AAD"
"66Z8a0000009EZFEA2","0","prevScoreValue","MXN","2023-02-25 02:55:37","0058a00000LLuwkAAD","2023-04-30 12:53:09","0058a00000LLuwkAAD","2023-04-30 12:53:09","82","OpportunityScore","0068a00001MZrmnAAD"
"66Z8a0000009EkoEAE","0","prevScoreValue","MXN","2023-03-03 10:24:05","0058a00000LLuwkAAD","2023-04-05 00:51:58","0058a00000LLuwkAAD","2023-04-05 00:51:58","30","OpportunityScore","0068a00001MaTzAAAV"
"66Z8a0000009EkpEAE","0","prevScoreValue","MXN","2023-03-03 10:24:05","0058a00000LLuwkAAD","2023-04-05 00:51:58","0058a00000LLuwkAAD","2023-04-05 00:51:58","14","OpportunityScore","0068a00001MaTy7AAF"
"66Z8a0000009EkqEAE","0","prevScoreValue","MXN","2023-03-03 10:24:05","0058a00000LLuwkAAD","2023-04-05 00:51:58","0058a00000LLuwkAAD","2023-04-05 00:51:58","29","OpportunityScore","0068a00001MaTuzAAF"
"66Z8a0000009EkrEAE","0","prevScoreValue","MXN","2023-03-03 10:24:05","0058a00000LLuwkAAD","2023-04-05 00:51:58","0058a00000LLuwkAAD","2023-04-05 00:51:58","25","OpportunityScore","0068a00001MaTyCAAV"
"66Z8a0000009EnREAU","0","prevScoreValue","MXN","2023-03-04 08:09:00","0058a00000LLuwkAAD","2023-04-30 12:53:09","0058a00000LLuwkAAD","2023-04-30 12:53:09","43","OpportunityScore","0068a00001MaYUeAAN"
"66Z8a0000009EnSEAU","0","prevScoreValue","MXN","2023-03-04 08:09:00","0058a00000LLuwkAAD","2023-04-05 00:51:58","0058a00000LLuwkAAD","2023-04-05 00:51:58","68","OpportunityScore","0068a00001MaYSnAAN"
"66Z8a0000009EnTEAU","0","prevScoreValue","MXN","2023-03-04 08:09:00","0058a00000LLuwkAAD","2023-05-23 08:17:54","0058a00000LLuwkAAD","2023-05-23 08:17:54","4","OpportunityScore","0068a00001MaYRkAAN"
"66Z8a0000009EnUEAU","0","prevScoreValue","MXN","2023-03-04 08:09:00","0058a00000LLuwkAAD","2023-03-17 04:04:21","0058a00000LLuwkAAD","2023-03-17 04:04:21","97","OpportunityScore","0068a00001MaYQIAA3"
"66Z8a0000009EnVEAU","0","prevScoreValue","MXN","2023-03-04 08:09:00","0058a00000LLuwkAAD","2023-04-05 00:51:58","0058a00000LLuwkAAD","2023-04-05 00:51:58","91","OpportunityScore","0068a00001MaYLuAAN"
"66Z8a0000009EnWEAU","0","prevScoreValue","MXN","2023-03-04 08:09:00","0058a00000LLuwkAAD","2023-04-26 05:30:31","0058a00000LLuwkAAD","2023-04-26 05:30:31","96","OpportunityScore","0068a00001MaYMtAAN"
"66Z8a0000009EnXEAU","0","prevScoreValue","MXN","2023-03-04 08:09:00","0058a00000LLuwkAAD","2023-06-12 18:11:15","0058a00000LLuwkAAD","2023-06-12 18:11:15","4","OpportunityScore","0068a00001MaYNvAAN"
"66Z8a0000009EqEEAU","0","prevScoreValue","MXN","2023-03-06 23:17:52","0058a00000LLuwkAAD","2023-08-03 01:13:46","0058a00000LLuwkAAD","2023-08-03 01:13:46","7","OpportunityScore","0068a00001Map0LAAR"
"66Z8a0000009EqFEAU","0","prevScoreValue","MXN","2023-03-06 23:17:52","0058a00000LLuwkAAD","2023-08-03 01:13:46","0058a00000LLuwkAAD","2023-08-03 01:13:46","6","OpportunityScore","0068a00001Map0JAAR"
"66Z8a0000009EqGEAU","0","prevScoreValue","MXN","2023-03-06 23:17:52","0058a00000LLuwkAAD","2023-08-03 01:13:46","0058a00000LLuwkAAD","2023-08-03 01:13:46","7","OpportunityScore","0068a00001Map0KAAR"
"66Z8a0000009EqHEAU","0","prevScoreValue","MXN","2023-03-06 23:17:52","0058a00000LLuwkAAD","2023-08-03 01:13:46","0058a00000LLuwkAAD","2023-08-03 01:13:46","10","OpportunityScore","0068a00001Map0IAAR"
"66Z8a0000009EqIEAU","0","prevScoreValue","MXN","2023-03-06 23:17:52","0058a00000LLuwkAAD","2023-08-29 03:40:43","0058a00000LLuwkAAD","2023-08-29 03:40:43","35","OpportunityScore","0068a00001Map0XAAR"
"66Z8a0000009EqJEAU","0","prevScoreValue","MXN","2023-03-06 23:17:52","0058a00000LLuwkAAD","2023-04-30 12:53:09","0058a00000LLuwkAAD","2023-04-30 12:53:09","99","OpportunityScore","0068a00001MapHxAAJ"
"66Z8a0000009EqKEAU","0","prevScoreValue","MXN","2023-03-06 23:17:52","0058a00000LLuwkAAD","2023-05-29 02:59:34","0058a00000LLuwkAAD","2023-05-29 02:59:34","2","OpportunityScore","0068a00001Map04AAB"
"66Z8a0000009EqLEAU","0","prevScoreValue","MXN","2023-03-06 23:17:52","0058a00000LLuwkAAD","2023-07-08 21:27:46","0058a00000LLuwkAAD","2023-07-08 21:27:46","1","OpportunityScore","0068a00001Map05AAB"
"66Z8a0000009EqMEAU","0","prevScoreValue","MXN","2023-03-06 23:17:52","0058a00000LLuwkAAD","2023-04-05 00:51:58","0058a00000LLuwkAAD","2023-04-05 00:51:58","36","OpportunityScore","0068a00001Map03AAB"
"66Z8a0000009EqNEAU","0","prevScoreValue","MXN","2023-03-06 23:17:52","0058a00000LLuwkAAD","2023-08-03 01:13:46","0058a00000LLuwkAAD","2023-08-03 01:13:46","8","OpportunityScore","0068a00001Map06AAB"
"66Z8a0000009EqOEAU","0","prevScoreValue","MXN","2023-03-06 23:17:52","0058a00000LLuwkAAD","2023-08-27 00:47:38","0058a00000LLuwkAAD","2023-08-27 00:47:38","31","OpportunityScore","0068a00001Map0DAAR"
"66Z8a0000009EqPEAU","0","prevScoreValue","MXN","2023-03-06 23:17:52","0058a00000LLuwkAAD","2023-08-29 03:40:43","0058a00000LLuwkAAD","2023-08-29 03:40:43","2","OpportunityScore","0068a00001Map5rAAB"
"66Z8a0000009EqQEAU","0","prevScoreValue","MXN","2023-03-06 23:17:52","0058a00000LLuwkAAD","2023-08-03 01:13:46","0058a00000LLuwkAAD","2023-08-03 01:13:46","8","OpportunityScore","0068a00001Map5kAAB"
"66Z8a0000009EqREAU","0","prevScoreValue","MXN","2023-03-06 23:17:52","0058a00000LLuwkAAD","2023-08-03 01:13:46","0058a00000LLuwkAAD","2023-08-03 01:13:46","8","OpportunityScore","0068a00001Map5lAAB"
"66Z8a0000009EqSEAU","0","prevScoreValue","MXN","2023-03-06 23:17:52","0058a00000LLuwkAAD","2023-08-03 01:13:46","0058a00000LLuwkAAD","2023-08-03 01:13:46","8","OpportunityScore","0068a00001Map5sAAB"
"66Z8a0000009EqTEAU","0","prevScoreValue","MXN","2023-03-06 23:17:52","0058a00000LLuwkAAD","2023-08-03 01:13:46","0058a00000LLuwkAAD","2023-08-03 01:13:46","8","OpportunityScore","0068a00001Map5tAAB"
"66Z8a0000009EqUEAU","0","prevScoreValue","MXN","2023-03-06 23:17:52","0058a00000LLuwkAAD","2023-08-03 01:13:46","0058a00000LLuwkAAD","2023-08-03 01:13:46","7","OpportunityScore","0068a00001Map5OAAR"
"66Z8a0000009EqVEAU","0","prevScoreValue","MXN","2023-03-06 23:17:52","0058a00000LLuwkAAD","2023-08-23 01:31:08","0058a00000LLuwkAAD","2023-08-23 01:31:08","2","OpportunityScore","0068a00001Map5NAAR"
"66Z8a0000009EqWEAU","0","prevScoreValue","MXN","2023-03-06 23:17:52","0058a00000LLuwkAAD","2023-04-05 00:51:58","0058a00000LLuwkAAD","2023-04-05 00:51:58","7","OpportunityScore","0068a00001MapFJAAZ"
"66Z8a0000009EqXEAU","0","prevScoreValue","MXN","2023-03-06 23:17:52","0058a00000LLuwkAAD","2023-04-05 00:51:58","0058a00000LLuwkAAD","2023-04-05 00:51:58","8","OpportunityScore","0068a00001MapFIAAZ"
"66Z8a0000009EqYEAU","0","prevScoreValue","MXN","2023-03-06 23:17:52","0058a00000LLuwkAAD","2023-04-05 00:51:58","0058a00000LLuwkAAD","2023-04-05 00:51:58","21","OpportunityScore","0068a00001Map5SAAR"
"66Z8a0000009EqZEAU","0","prevScoreValue","MXN","2023-03-06 23:17:52","0058a00000LLuwkAAD","2023-08-03 01:13:46","0058a00000LLuwkAAD","2023-08-03 01:13:46","7","OpportunityScore","0068a00001Map5iAAB"
"66Z8a0000009EqaEAE","0","prevScoreValue","MXN","2023-03-06 23:17:52","0058a00000LLuwkAAD","2023-07-11 23:29:41","0058a00000LLuwkAAD","2023-07-11 23:29:41","1","OpportunityScore","0068a00001Map5jAAB"
"66Z8a0000009EqbEAE","0","prevScoreValue","MXN","2023-03-06 23:17:52","0058a00000LLuwkAAD","2023-07-08 21:27:46","0058a00000LLuwkAAD","2023-07-08 21:27:46","1","OpportunityScore","0068a00001Map6HAAR"
"66Z8a0000009EqcEAE","0","prevScoreValue","MXN","2023-03-06 23:17:52","0058a00000LLuwkAAD","2023-08-29 03:40:43","0058a00000LLuwkAAD","2023-08-29 03:40:43","2","OpportunityScore","0068a00001Map5hAAB"
"66Z8a0000009EqdEAE","0","prevScoreValue","MXN","2023-03-06 23:17:52","0058a00000LLuwkAAD","2023-08-29 03:40:43","0058a00000LLuwkAAD","2023-08-29 03:40:43","2","OpportunityScore","0068a00001Map6GAAR"
"66Z8a0000009EqeEAE","0","prevScoreValue","MXN","2023-03-06 23:17:52","0058a00000LLuwkAAD","2023-08-29 03:40:43","0058a00000LLuwkAAD","2023-08-29 03:40:43","2","OpportunityScore","0068a00001Map5cAAB"
"66Z8a0000009EqfEAE","0","prevScoreValue","MXN","2023-03-06 23:17:52","0058a00000LLuwkAAD","2023-05-22 05:49:20","0058a00000LLuwkAAD","2023-05-22 05:49:20","1","OpportunityScore","0068a00001Map53AAB"
"66Z8a0000009EqgEAE","0","prevScoreValue","MXN","2023-03-06 23:17:52","0058a00000LLuwkAAD","2023-06-12 18:11:15","0058a00000LLuwkAAD","2023-06-12 18:11:15","5","OpportunityScore","0068a00001Map5IAAR"
"66Z8a0000009EqhEAE","0","prevScoreValue","MXN","2023-03-06 23:17:52","0058a00000LLuwkAAD","2023-08-03 01:13:46","0058a00000LLuwkAAD","2023-08-03 01:13:46","8","OpportunityScore","0068a00001Map5JAAR"
"66Z8a0000009EqiEAE","0","prevScoreValue","MXN","2023-03-06 23:17:52","0058a00000LLuwkAAD","2023-04-30 12:53:09","0058a00000LLuwkAAD","2023-04-30 12:53:09","93","OpportunityScore","0068a00001Map40AAB"
"66Z8a0000009EqjEAE","0","prevScoreValue","MXN","2023-03-06 23:17:52","0058a00000LLuwkAAD","2023-04-30 12:53:09","0058a00000LLuwkAAD","2023-04-30 12:53:09","93","OpportunityScore","0068a00001Map3MAAR"
"66Z8a0000009EqkEAE","0","prevScoreValue","MXN","2023-03-06 23:17:52","0058a00000LLuwkAAD","2023-08-03 01:13:46","0058a00000LLuwkAAD","2023-08-03 01:13:46","25","OpportunityScore","0068a00001Map3IAAR"
"66Z8a0000009EqlEAE","0","prevScoreValue","MXN","2023-03-06 23:17:52","0058a00000LLuwkAAD","2023-04-30 12:53:09","0058a00000LLuwkAAD","2023-04-30 12:53:09","96","OpportunityScore","0068a00001Map2iAAB"
"66Z8a0000009EqmEAE","0","prevScoreValue","MXN","2023-03-06 23:17:52","0058a00000LLuwkAAD","2023-04-30 12:53:09","0058a00000LLuwkAAD","2023-04-30 12:53:09","93","OpportunityScore","0068a00001Map3WAAR"
"66Z8a0000009EqnEAE","0","prevScoreValue","MXN","2023-03-06 23:17:52","0058a00000LLuwkAAD","2023-04-30 12:53:09","0058a00000LLuwkAAD","2023-04-30 12:53:09","99","OpportunityScore","0068a00001Map3XAAR"
"66Z8a0000009EqoEAE","0","prevScoreValue","MXN","2023-03-06 23:17:52","0058a00000LLuwkAAD","2023-04-20 07:43:03","0058a00000LLuwkAAD","2023-04-20 07:43:03","87","OpportunityScore","0068a00001MapCeAAJ"
"66Z8a0000009EqpEAE","0","prevScoreValue","MXN","2023-03-06 23:17:52","0058a00000LLuwkAAD","2023-07-08 21:27:46","0058a00000LLuwkAAD","2023-07-08 21:27:46","1","OpportunityScore","0068a00001MapCdAAJ"
"66Z8a0000009EqqEAE","0","prevScoreValue","MXN","2023-03-06 23:17:52","0058a00000LLuwkAAD","2023-08-03 01:13:46","0058a00000LLuwkAAD","2023-08-03 01:13:46","6","OpportunityScore","0068a00001MapCoAAJ"
"66Z8a0000009EqrEAE","0","prevScoreValue","MXN","2023-03-06 23:17:52","0058a00000LLuwkAAD","2023-08-03 01:13:46","0058a00000LLuwkAAD","2023-08-03 01:13:46","6","OpportunityScore","0068a00001MapCnAAJ"
"66Z8a0000009EqsEAE","0","prevScoreValue","MXN","2023-03-06 23:17:52","0058a00000LLuwkAAD","2023-08-03 01:13:46","0058a00000LLuwkAAD","2023-08-03 01:13:46","6","OpportunityScore","0068a00001MapCiAAJ"
"66Z8a0000009EqtEAE","0","prevScoreValue","MXN","2023-03-06 23:17:52","0058a00000LLuwkAAD","2023-03-27 07:42:41","0058a00000LLuwkAAD","2023-03-27 07:42:41","48","OpportunityScore","0068a00001MapCjAAJ"
"66Z8a0000009EqvEAE","0","prevScoreValue","MXN","2023-03-06 23:17:52","0058a00000LLuwkAAD","2023-08-03 01:13:46","0058a00000LLuwkAAD","2023-08-03 01:13:46","6","OpportunityScore","0068a00001MapCxAAJ"
"66Z8a0000009EqwEAE","0","prevScoreValue","MXN","2023-03-06 23:17:52","0058a00000LLuwkAAD","2023-08-03 01:13:46","0058a00000LLuwkAAD","2023-08-03 01:13:46","5","OpportunityScore","0068a00001MapDYAAZ"
"66Z8a0000009EqxEAE","0","prevScoreValue","MXN","2023-03-06 23:17:52","0058a00000LLuwkAAD","2023-08-03 01:13:46","0058a00000LLuwkAAD","2023-08-03 01:13:46","6","OpportunityScore","0068a00001MapDWAAZ"
"66Z8a0000009EqyEAE","0","prevScoreValue","MXN","2023-03-06 23:17:52","0058a00000LLuwkAAD","2023-04-30 12:53:09","0058a00000LLuwkAAD","2023-04-30 12:53:09","89","OpportunityScore","0068a00001Map37AAB"
"66Z8a0000009EqzEAE","0","prevScoreValue","MXN","2023-03-06 23:17:52","0058a00000LLuwkAAD","2023-04-30 12:53:09","0058a00000LLuwkAAD","2023-04-30 12:53:09","99","OpportunityScore","0068a00001MapCKAAZ"
"66Z8a0000009Er0EAE","0","prevScoreValue","MXN","2023-03-06 23:17:52","0058a00000LLuwkAAD","2023-04-30 12:53:09","0058a00000LLuwkAAD","2023-04-30 12:53:09","99","OpportunityScore","0068a00001MapCJAAZ"
"66Z8a0000009Er1EAE","0","prevScoreValue","MXN","2023-03-06 23:17:52","0058a00000LLuwkAAD","2023-04-30 12:53:09","0058a00000LLuwkAAD","2023-04-30 12:53:09","93","OpportunityScore","0068a00001Map3HAAR"
"66Z8a0000009Er2EAE","0","prevScoreValue","MXN","2023-03-06 23:17:52","0058a00000LLuwkAAD","2023-08-29 03:40:43","0058a00000LLuwkAAD","2023-08-29 03:40:43","78","OpportunityScore","0068a00001MapBuAAJ"
"66Z8a0000009Er3EAE","0","prevScoreValue","MXN","2023-03-06 23:17:52","0058a00000LLuwkAAD","2023-08-03 01:13:46","0058a00000LLuwkAAD","2023-08-03 01:13:46","7","OpportunityScore","0068a00001Map1LAAR"
"66Z8a0000009Er4EAE","0","prevScoreValue","MXN","2023-03-06 23:17:52","0058a00000LLuwkAAD","2023-08-03 01:13:46","0058a00000LLuwkAAD","2023-08-03 01:13:46","7","OpportunityScore","0068a00001Map1GAAR"
"66Z8a0000009Er5EAE","0","prevScoreValue","MXN","2023-03-06 23:17:52","0058a00000LLuwkAAD","2023-08-03 01:13:46","0058a00000LLuwkAAD","2023-08-03 01:13:46","7","OpportunityScore","0068a00001Map1VAAR"
"66Z8a0000009Er6EAE","0","prevScoreValue","MXN","2023-03-06 23:17:52","0058a00000LLuwkAAD","2023-08-29 03:40:43","0058a00000LLuwkAAD","2023-08-29 03:40:43","38","OpportunityScore","0068a00001Map0rAAB"
"66Z8a0000009Er8EAE","0","prevScoreValue","MXN","2023-03-06 23:17:52","0058a00000LLuwkAAD","2023-03-23 18:38:19","0058a00000LLuwkAAD","2023-03-23 18:38:19","90","OpportunityScore","0068a00001ManUuAAJ"
"66Z8a0000009Er9EAE","0","prevScoreValue","MXN","2023-03-06 23:17:52","0058a00000LLuwkAAD","2023-04-30 12:53:09","0058a00000LLuwkAAD","2023-04-30 12:53:09","93","OpportunityScore","0068a00001Map1WAAR"
"66Z8a0000009ErAEAU","0","prevScoreValue","MXN","2023-03-06 23:17:52","0058a00000LLuwkAAD","2023-08-27 00:47:38","0058a00000LLuwkAAD","2023-08-27 00:47:38","38","OpportunityScore","0068a00001Map0wAAB"
"66Z8a0000009ErBEAU","0","prevScoreValue","MXN","2023-03-06 23:17:52","0058a00000LLuwkAAD","2023-04-05 00:51:58","0058a00000LLuwkAAD","2023-04-05 00:51:58","75","OpportunityScore","0068a00001MamTlAAJ"
"66Z8a0000009EwhEAE","0","prevScoreValue","MXN","2023-03-09 12:11:02","0058a00000LLuwkAAD","2023-04-30 12:53:09","0058a00000LLuwkAAD","2023-04-30 12:53:09","86","OpportunityScore","0068a00001Mb1ubAAB"
"66Z8a0000009EwiEAE","0","prevScoreValue","MXN","2023-03-09 12:11:02","0058a00000LLuwkAAD","2023-06-12 18:11:15","0058a00000LLuwkAAD","2023-06-12 18:11:15","10","OpportunityScore","0068a00001Mb1tnAAB"
"66Z8a0000009EyPEAU","0","prevScoreValue","MXN","2023-03-10 03:57:36","0058a00000LLuwkAAD","2023-03-31 07:44:04","0058a00000LLuwkAAD","2023-03-31 07:44:04","65","OpportunityScore","0068a00001Mb9bvAAB"
"66Z8a0000009EyQEAU","0","prevScoreValue","MXN","2023-03-10 03:57:36","0058a00000LLuwkAAD","2023-04-05 00:51:58","0058a00000LLuwkAAD","2023-04-05 00:51:58","47","OpportunityScore","0068a00001Mb9dXAAR"
"66Z8a0000009EyREAU","0","prevScoreValue","MXN","2023-03-10 03:57:36","0058a00000LLuwkAAD","2023-04-16 02:57:06","0058a00000LLuwkAAD","2023-04-16 02:57:06","81","OpportunityScore","0068a00001Mb9eaAAB"
"66Z8a0000009EySEAU","0","prevScoreValue","MXN","2023-03-10 03:57:36","0058a00000LLuwkAAD","2023-04-16 02:57:06","0058a00000LLuwkAAD","2023-04-16 02:57:06","80","OpportunityScore","0068a00001Mb9gRAAR"
"66Z8a0000009EyTEAU","0","prevScoreValue","MXN","2023-03-10 03:57:36","0058a00000LLuwkAAD","2023-04-16 02:57:06","0058a00000LLuwkAAD","2023-04-16 02:57:06","80","OpportunityScore","0068a00001Mb9ekAAB"
"66Z8a0000009EzeEAE","0","prevScoreValue","MXN","2023-03-10 22:34:18","0058a00000LLuwkAAD","2023-08-29 03:40:43","0058a00000LLuwkAAD","2023-08-29 03:40:43","61","OpportunityScore","0068a00001MbD1UAAV"
"66Z8a0000009F0qEAE","0","prevScoreValue","MXN","2023-03-11 13:20:54","0058a00000LLuwkAAD","2023-04-05 00:51:58","0058a00000LLuwkAAD","2023-04-05 00:51:58","84","OpportunityScore","0068a00001MbEY2AAN"
"66Z8a0000009F0sEAE","0","prevScoreValue","MXN","2023-03-11 13:20:54","0058a00000LLuwkAAD","2023-06-12 18:11:15","0058a00000LLuwkAAD","2023-06-12 18:11:15","19","OpportunityScore","0068a00001MbElLAAV"
"66Z8a0000009F0tEAE","0","prevScoreValue","MXN","2023-03-11 13:20:54","0058a00000LLuwkAAD","2023-04-30 12:53:09","0058a00000LLuwkAAD","2023-04-30 12:53:09","99","OpportunityScore","0068a00001MbElMAAV"
"66Z8a0000009F2sEAE","0","prevScoreValue","MXN","2023-03-14 00:56:40","0058a00000LLuwkAAD","2023-06-12 18:11:15","0058a00000LLuwkAAD","2023-06-12 18:11:15","24","OpportunityScore","0068a00001MbSMXAA3"
"66Z8a0000009F2tEAE","0","prevScoreValue","MXN","2023-03-14 00:56:40","0058a00000LLuwkAAD","2023-04-05 00:52:00","0058a00000LLuwkAAD","2023-04-05 00:52:00","93","OpportunityScore","0068a00001MbSTOAA3"
"66Z8a0000009F2wEAE","0","prevScoreValue","MXN","2023-03-14 00:56:40","0058a00000LLuwkAAD","2023-08-31 00:51:39","0058a00000LLuwkAAD","2023-08-31 00:51:39","56","OpportunityScore","0068a00001MbVA5AAN"
"66Z8a0000009F2yEAE","0","prevScoreValue","MXN","2023-03-14 00:56:40","0058a00000LLuwkAAD","2023-04-30 12:53:09","0058a00000LLuwkAAD","2023-04-30 12:53:09","38","OpportunityScore","0068a00001MbSKHAA3"
"66Z8a0000009F30EAE","0","prevScoreValue","MXN","2023-03-14 00:56:40","0058a00000LLuwkAAD","2023-06-12 18:11:15","0058a00000LLuwkAAD","2023-06-12 18:11:15","10","OpportunityScore","0068a00001MbSIlAAN"
"66Z8a0000009F31EAE","0","prevScoreValue","MXN","2023-03-14 00:56:40","0058a00000LLuwkAAD","2023-03-14 00:56:40","0058a00000LLuwkAAD","2023-03-14 00:56:40","","OpportunityScore","0068a00001MbU5TAAV"
"66Z8a0000009F36EAE","0","prevScoreValue","MXN","2023-03-14 00:56:40","0058a00000LLuwkAAD","2023-08-29 03:40:43","0058a00000LLuwkAAD","2023-08-29 03:40:43","14","OpportunityScore","0068a00001MbV4qAAF"
"66Z8a0000009F39EAE","0","prevScoreValue","MXN","2023-03-14 00:56:40","0058a00000LLuwkAAD","2023-07-13 00:51:05","0058a00000LLuwkAAD","2023-07-13 00:51:05","15","OpportunityScore","0068a00001MbUT7AAN"
"66Z8a0000009F3AEAU","0","prevScoreValue","MXN","2023-03-14 00:56:40","0058a00000LLuwkAAD","2023-08-31 00:51:39","0058a00000LLuwkAAD","2023-08-31 00:51:39","65","OpportunityScore","0068a00001MbV2qAAF"
"66Z8a0000009F3CEAU","0","prevScoreValue","MXN","2023-03-14 00:56:40","0058a00000LLuwkAAD","2023-08-29 03:40:43","0058a00000LLuwkAAD","2023-08-29 03:40:43","58","OpportunityScore","0068a00001MbV2pAAF"
"66Z8a0000009FCPEA2","0","prevScoreValue","MXN","2023-03-18 08:15:48","0058a00000LLuwkAAD","2023-03-18 08:15:48","0058a00000LLuwkAAD","2023-03-18 08:15:48","","OpportunityScore","0068a00001MbuTWAAZ"
"66Z8a0000009FCQEA2","0","prevScoreValue","MXN","2023-03-18 08:15:48","0058a00000LLuwkAAD","2023-04-05 00:52:00","0058a00000LLuwkAAD","2023-04-05 00:52:00","77","OpportunityScore","0068a00001MbuW6AAJ"
"66Z8a0000009FCREA2","0","prevScoreValue","MXN","2023-03-18 08:15:48","0058a00000LLuwkAAD","2023-04-05 00:52:00","0058a00000LLuwkAAD","2023-04-05 00:52:00","50","OpportunityScore","0068a00001MbuTgAAJ"
"66Z8a0000009FIBEA2","0","prevScoreValue","MXN","2023-03-22 06:18:30","0058a00000LLuwkAAD","2023-08-03 01:13:46","0058a00000LLuwkAAD","2023-08-03 01:13:46","3","OpportunityScore","0068a00001McQt5AAF"
"66Z8a0000009FICEA2","0","prevScoreValue","MXN","2023-03-22 06:18:30","0058a00000LLuwkAAD","2023-04-05 00:52:00","0058a00000LLuwkAAD","2023-04-05 00:52:00","82","OpportunityScore","0068a00001McPzfAAF"
"66Z8a0000009FIDEA2","0","prevScoreValue","MXN","2023-03-22 06:18:30","0058a00000LLuwkAAD","2023-05-12 02:00:44","0058a00000LLuwkAAD","2023-05-12 02:00:44","2","OpportunityScore","0068a00001McPyNAAV"
"66Z8a0000009FIEEA2","0","prevScoreValue","MXN","2023-03-22 06:18:30","0058a00000LLuwkAAD","2023-04-30 12:53:09","0058a00000LLuwkAAD","2023-04-30 12:53:09","99","OpportunityScore","0068a00001McPyIAAV"
"66Z8a0000009FIwEAM","0","prevScoreValue","MXN","2023-03-22 23:37:11","0058a00000LLuwkAAD","2023-08-29 03:40:43","0058a00000LLuwkAAD","2023-08-29 03:40:43","10","OpportunityScore","0068a00001McYDsAAN"
"66Z8a0000009FIxEAM","0","prevScoreValue","MXN","2023-03-22 23:37:11","0058a00000LLuwkAAD","2023-08-29 03:40:43","0058a00000LLuwkAAD","2023-08-29 03:40:43","7","OpportunityScore","0068a00001McY63AAF"
"66Z8a0000009FIyEAM","0","prevScoreValue","MXN","2023-03-22 23:37:11","0058a00000LLuwkAAD","2023-08-29 03:40:43","0058a00000LLuwkAAD","2023-08-29 03:40:43","10","OpportunityScore","0068a00001McYEbAAN"
"66Z8a0000009FIzEAM","0","prevScoreValue","MXN","2023-03-22 23:37:11","0058a00000LLuwkAAD","2023-04-05 00:52:00","0058a00000LLuwkAAD","2023-04-05 00:52:00","86","OpportunityScore","0068a00001McYAoAAN"
"66Z8a0000009FJ0EAM","0","prevScoreValue","MXN","2023-03-22 23:37:11","0058a00000LLuwkAAD","2023-04-05 00:52:00","0058a00000LLuwkAAD","2023-04-05 00:52:00","42","OpportunityScore","0068a00001McYGrAAN"
"66Z8a0000009FJ1EAM","0","prevScoreValue","MXN","2023-03-22 23:37:11","0058a00000LLuwkAAD","2023-07-29 01:28:41","0058a00000LLuwkAAD","2023-07-29 01:28:41","1","OpportunityScore","0068a00001McYCuAAN"
"66Z8a0000009FJ2EAM","0","prevScoreValue","MXN","2023-03-22 23:37:11","0058a00000LLuwkAAD","2023-04-30 12:53:09","0058a00000LLuwkAAD","2023-04-30 12:53:09","99","OpportunityScore","0068a00001McY7fAAF"
"66Z8a0000009FJ3EAM","0","prevScoreValue","MXN","2023-03-22 23:37:11","0058a00000LLuwkAAD","2023-07-29 01:28:41","0058a00000LLuwkAAD","2023-07-29 01:28:41","1","OpportunityScore","0068a00001McYECAA3"
"66Z8a0000009FZeEAM","0","prevScoreValue","MXN","2023-03-25 04:59:10","0058a00000LLuwkAAD","2023-05-22 05:49:20","0058a00000LLuwkAAD","2023-05-22 05:49:20","2","OpportunityScore","0068a00001MckV6AAJ"
"66Z8a0000009FZfEAM","0","prevScoreValue","MXN","2023-03-25 04:59:10","0058a00000LLuwkAAD","2023-04-05 00:52:00","0058a00000LLuwkAAD","2023-04-05 00:52:00","45","OpportunityScore","0068a00001MckTzAAJ"
"66Z8a0000009FZgEAM","0","prevScoreValue","MXN","2023-03-25 04:59:10","0058a00000LLuwkAAD","2023-04-05 00:52:00","0058a00000LLuwkAAD","2023-04-05 00:52:00","44","OpportunityScore","0068a00001MckTyAAJ"
"66Z8a0000009FZhEAM","0","prevScoreValue","MXN","2023-03-25 04:59:10","0058a00000LLuwkAAD","2023-04-30 12:53:09","0058a00000LLuwkAAD","2023-04-30 12:53:09","96","OpportunityScore","0068a00001MckZ6AAJ"
"66Z8a0000009FZiEAM","0","prevScoreValue","MXN","2023-03-25 04:59:10","0058a00000LLuwkAAD","2023-05-29 02:59:34","0058a00000LLuwkAAD","2023-05-29 02:59:34","28","OpportunityScore","0068a00001MckX7AAJ"
"66Z8a0000009FZjEAM","0","prevScoreValue","MXN","2023-03-25 04:59:10","0058a00000LLuwkAAD","2023-03-30 08:17:59","0058a00000LLuwkAAD","2023-03-30 08:17:59","74","OpportunityScore","0068a00001MckWiAAJ"
"66Z8a0000009FZkEAM","0","prevScoreValue","MXN","2023-03-25 04:59:10","0058a00000LLuwkAAD","2023-05-04 10:11:07","0058a00000LLuwkAAD","2023-05-04 10:11:07","40","OpportunityScore","0068a00001MckU1AAJ"
"66Z8a0000009FchEAE","0","prevScoreValue","MXN","2023-03-28 06:16:57","0058a00000LLuwkAAD","2023-08-31 00:51:39","0058a00000LLuwkAAD","2023-08-31 00:51:39","43","OpportunityScore","0068a00001N6OKFAA3"
"66Z8a0000009FciEAE","0","prevScoreValue","MXN","2023-03-28 06:16:57","0058a00000LLuwkAAD","2023-04-05 00:52:00","0058a00000LLuwkAAD","2023-04-05 00:52:00","83","OpportunityScore","0068a00001N6MzuAAF"
"66Z8a0000009FcjEAE","0","prevScoreValue","MXN","2023-03-28 06:16:57","0058a00000LLuwkAAD","2023-06-27 04:54:02","0058a00000LLuwkAAD","2023-06-27 04:54:02","79","OpportunityScore","0068a00001N6OIsAAN"
"66Z8a0000009FckEAE","0","prevScoreValue","MXN","2023-03-28 06:16:57","0058a00000LLuwkAAD","2023-06-12 18:11:15","0058a00000LLuwkAAD","2023-06-12 18:11:15","39","OpportunityScore","0068a00001N6MiZAAV"
"66Z8a000000gB4gEAE","0","prevScoreValue","MXN","2023-03-30 08:17:58","0058a00000LLuwkAAD","2023-08-29 03:40:43","0058a00000LLuwkAAD","2023-08-29 03:40:43","2","OpportunityScore","0068a00001Myn2IAAR"
"66Z8a000000gB7NEAU","0","prevScoreValue","MXN","2023-03-31 07:44:04","0058a00000LLuwkAAD","2023-03-31 07:44:04","0058a00000LLuwkAAD","2023-03-31 07:44:04","","OpportunityScore","0068a00001MyqI0AAJ"
"66Z8a000000gB7OEAU","0","prevScoreValue","MXN","2023-03-31 07:44:04","0058a00000LLuwkAAD","2023-04-30 12:53:09","0058a00000LLuwkAAD","2023-04-30 12:53:09","10","OpportunityScore","0068a00001MyscCAAR"
"66Z8a000000gB7PEAU","0","prevScoreValue","MXN","2023-03-31 07:44:04","0058a00000LLuwkAAD","2023-04-01 23:49:21","0058a00000LLuwkAAD","2023-04-01 23:49:21","98","OpportunityScore","0068a00001MyqnrAAB"
"66Z8a000000gB7QEAU","0","prevScoreValue","MXN","2023-03-31 07:44:04","0058a00000LLuwkAAD","2023-05-22 05:49:20","0058a00000LLuwkAAD","2023-05-22 05:49:20","1","OpportunityScore","0068a00001MysjnAAB"
"66Z8a000000gBEwEAM","0","prevScoreValue","MXN","2023-04-04 14:03:13","0058a00000LLuwkAAD","2023-06-12 18:11:15","0058a00000LLuwkAAD","2023-06-12 18:11:15","13","OpportunityScore","0068a00001MzF9oAAF"
"66Z8a000000gBExEAM","0","prevScoreValue","MXN","2023-04-04 14:03:13","0058a00000LLuwkAAD","2023-08-31 00:51:39","0058a00000LLuwkAAD","2023-08-31 00:51:39","9","OpportunityScore","0068a00001MzF9nAAF"
"66Z8a000000gBEyEAM","0","prevScoreValue","MXN","2023-04-04 14:03:13","0058a00000LLuwkAAD","2023-05-23 08:17:54","0058a00000LLuwkAAD","2023-05-23 08:17:54","7","OpportunityScore","0068a00001MzEPSAA3"
"66Z8a000000gBEzEAM","0","prevScoreValue","MXN","2023-04-04 14:03:13","0058a00000LLuwkAAD","2023-04-18 11:30:46","0058a00000LLuwkAAD","2023-04-18 11:30:46","81","OpportunityScore","0068a00001MzEdhAAF"
"66Z8a000000gBF1EAM","0","prevScoreValue","MXN","2023-04-04 14:03:13","0058a00000LLuwkAAD","2023-04-12 17:34:30","0058a00000LLuwkAAD","2023-04-12 17:34:30","70","OpportunityScore","0068a00001MzFJxAAN"
"66Z8a000000gBF2EAM","0","prevScoreValue","MXN","2023-04-04 14:03:13","0058a00000LLuwkAAD","2023-04-05 00:52:00","0058a00000LLuwkAAD","2023-04-05 00:52:00","98","OpportunityScore","0068a00001MzGXMAA3"
"66Z8a000000gBFOEA2","0","prevScoreValue","MXN","2023-04-05 00:52:00","0058a00000LLuwkAAD","2023-05-22 22:37:21","0058a00000LLuwkAAD","2023-05-22 22:37:21","93","OpportunityScore","0068a00001MzKnxAAF"
"66Z8a000000gBFPEA2","0","prevScoreValue","MXN","2023-04-05 00:52:00","0058a00000LLuwkAAD","2023-06-12 18:11:15","0058a00000LLuwkAAD","2023-06-12 18:11:15","13","OpportunityScore","0068a00001MzLOYAA3"
"66Z8a000000gBFQEA2","0","prevScoreValue","MXN","2023-04-05 00:52:00","0058a00000LLuwkAAD","2023-08-29 03:40:43","0058a00000LLuwkAAD","2023-08-29 03:40:43","46","OpportunityScore","0068a00001MzKmkAAF"
"66Z8a000000gBFREA2","0","prevScoreValue","MXN","2023-04-05 00:52:00","0058a00000LLuwkAAD","2023-05-06 05:52:21","0058a00000LLuwkAAD","2023-05-06 05:52:21","9","OpportunityScore","0068a00001MzLMcAAN"
"66Z8a000000gBFSEA2","0","prevScoreValue","MXN","2023-04-05 00:52:00","0058a00000LLuwkAAD","2023-07-02 04:51:25","0058a00000LLuwkAAD","2023-07-02 04:51:25","2","OpportunityScore","0068a00001MzLQZAA3"
"66Z8a000000gBOPEA2","0","prevScoreValue","MXN","2023-04-11 05:24:48","0058a00000LLuwkAAD","2023-05-11 05:18:57","0058a00000LLuwkAAD","2023-05-11 05:18:57","70","OpportunityScore","0068a00001Mzu3XAAR"
"66Z8a000000gBOQEA2","0","prevScoreValue","MXN","2023-04-11 05:24:48","0058a00000LLuwkAAD","2023-05-22 22:37:21","0058a00000LLuwkAAD","2023-05-22 22:37:21","58","OpportunityScore","0068a00001Mzu2jAAB"
"66Z8a000000gBPmEAM","0","prevScoreValue","MXN","2023-04-12 00:17:41","0058a00000LLuwkAAD","2023-05-22 22:37:21","0058a00000LLuwkAAD","2023-05-22 22:37:21","49","OpportunityScore","0068a00001N00uUAAR"
"66Z8a000000gBUsEAM","0","prevScoreValue","MXN","2023-04-14 22:44:54","0058a00000LLuwkAAD","2023-08-11 06:00:07","0058a00000LLuwkAAD","2023-08-11 06:00:07","22","OpportunityScore","0068a00001N0KIFAA3"
"66Z8a000000gBUtEAM","0","prevScoreValue","MXN","2023-04-14 22:44:54","0058a00000LLuwkAAD","2023-05-26 21:27:09","0058a00000LLuwkAAD","2023-05-26 21:27:09","5","OpportunityScore","0068a00001N0FpjAAF"
"66Z8a000000gBUuEAM","0","prevScoreValue","MXN","2023-04-14 22:44:54","0058a00000LLuwkAAD","2023-08-22 03:27:58","0058a00000LLuwkAAD","2023-08-22 03:27:58","25","OpportunityScore","0068a00001N0KIZAA3"
"66Z8a000000gBUvEAM","0","prevScoreValue","MXN","2023-04-14 22:44:54","0058a00000LLuwkAAD","2023-08-29 03:40:43","0058a00000LLuwkAAD","2023-08-29 03:40:43","89","OpportunityScore","0068a00001N0LN3AAN"
"66Z8a000000gBUwEAM","0","prevScoreValue","MXN","2023-04-14 22:44:54","0058a00000LLuwkAAD","2023-04-14 22:44:54","0058a00000LLuwkAAD","2023-04-14 22:44:54","","OpportunityScore","0068a00001N0FmfAAF"
"66Z8a000000gBUxEAM","0","prevScoreValue","MXN","2023-04-14 22:44:54","0058a00000LLuwkAAD","2023-08-29 03:40:43","0058a00000LLuwkAAD","2023-08-29 03:40:43","23","OpportunityScore","0068a00001N0KSCAA3"
"66Z8a000000gBUyEAM","0","prevScoreValue","MXN","2023-04-14 22:44:54","0058a00000LLuwkAAD","2023-08-29 03:40:43","0058a00000LLuwkAAD","2023-08-29 03:40:43","89","OpportunityScore","0068a00001N0LLWAA3"
"66Z8a000000gBUzEAM","0","prevScoreValue","MXN","2023-04-14 22:44:54","0058a00000LLuwkAAD","2023-08-29 03:40:43","0058a00000LLuwkAAD","2023-08-29 03:40:43","89","OpportunityScore","0068a00001N0LM5AAN"
"66Z8a000000gBV0EAM","0","prevScoreValue","MXN","2023-04-14 22:44:54","0058a00000LLuwkAAD","2023-08-31 00:51:39","0058a00000LLuwkAAD","2023-08-31 00:51:39","53","OpportunityScore","0068a00001N0KTUAA3"
"66Z8a000000gBV1EAM","0","prevScoreValue","MXN","2023-04-14 22:44:54","0058a00000LLuwkAAD","2023-08-29 03:40:43","0058a00000LLuwkAAD","2023-08-29 03:40:43","31","OpportunityScore","0068a00001N0KWiAAN"
"66Z8a000000gBV2EAM","0","prevScoreValue","MXN","2023-04-14 22:44:54","0058a00000LLuwkAAD","2023-07-14 00:55:20","0058a00000LLuwkAAD","2023-07-14 00:55:20","97","OpportunityScore","0068a00001N0LMZAA3"
"66Z8a000000gBV3EAM","0","prevScoreValue","MXN","2023-04-14 22:44:54","0058a00000LLuwkAAD","2023-04-14 22:44:54","0058a00000LLuwkAAD","2023-04-14 22:44:54","","OpportunityScore","0068a00001N0DzlAAF"
"66Z8a000000gBV4EAM","0","prevScoreValue","MXN","2023-04-14 22:44:54","0058a00000LLuwkAAD","2023-04-14 22:44:54","0058a00000LLuwkAAD","2023-04-14 22:44:54","","OpportunityScore","0068a00001N0DzkAAF"
"66Z8a000000gBbCEAU","0","prevScoreValue","MXN","2023-04-19 01:07:30","0058a00000LLuwkAAD","2023-08-03 01:13:46","0058a00000LLuwkAAD","2023-08-03 01:13:46","5","OpportunityScore","0068a00001N0glRAAR"
"66Z8a000000gBbDEAU","0","prevScoreValue","MXN","2023-04-19 01:07:30","0058a00000LLuwkAAD","2023-06-25 21:34:58","0058a00000LLuwkAAD","2023-06-25 21:34:58","56","OpportunityScore","0068a00001N0hPrAAJ"
"66Z8a000000gBbEEAU","0","prevScoreValue","MXN","2023-04-19 01:07:30","0058a00000LLuwkAAD","2023-05-30 07:07:46","0058a00000LLuwkAAD","2023-05-30 07:07:46","87","OpportunityScore","0068a00001N0iLlAAJ"
"66Z8a000000gBbFEAU","0","prevScoreValue","MXN","2023-04-19 01:07:30","0058a00000LLuwkAAD","2023-07-08 21:27:46","0058a00000LLuwkAAD","2023-07-08 21:27:46","4","OpportunityScore","0068a00001N0hTKAAZ"
"66Z8a000000gBbHEAU","0","prevScoreValue","MXN","2023-04-19 01:07:30","0058a00000LLuwkAAD","2023-05-22 05:49:20","0058a00000LLuwkAAD","2023-05-22 05:49:20","88","OpportunityScore","0068a00001N0iMZAAZ"
"66Z8a000000gBbJEAU","0","prevScoreValue","MXN","2023-04-19 01:07:30","0058a00000LLuwkAAD","2023-08-03 01:13:46","0058a00000LLuwkAAD","2023-08-03 01:13:46","6","OpportunityScore","0068a00001N0iHtAAJ"
"66Z8a000000gBj3EAE","0","prevScoreValue","MXN","2023-04-22 03:37:34","0058a00000LLuwkAAD","2023-08-29 03:40:43","0058a00000LLuwkAAD","2023-08-29 03:40:43","94","OpportunityScore","0068a00001N11PAAAZ"
"66Z8a000000gBlMEAU","0","prevScoreValue","MXN","2023-04-24 07:05:33","0058a00000LLuwkAAD","2023-04-24 07:05:33","0058a00000LLuwkAAD","2023-04-24 07:05:33","","OpportunityScore","0068a00001N1BIQAA3"
"66Z8a000000gBnPEAU","0","prevScoreValue","MXN","2023-04-25 05:04:20","0058a00000LLuwkAAD","2023-05-02 21:26:37","0058a00000LLuwkAAD","2023-05-02 21:26:37","98","OpportunityScore","0068a00001N1HAEAA3"
"66Z8a000000gBnQEAU","0","prevScoreValue","MXN","2023-04-25 05:04:20","0058a00000LLuwkAAD","2023-05-29 02:59:34","0058a00000LLuwkAAD","2023-05-29 02:59:34","88","OpportunityScore","0068a00001N1KSQAA3"
"66Z8a000000gCBmEAM","0","prevScoreValue","MXN","2023-04-28 04:59:15","0058a00000LLuwkAAD","2023-04-30 12:53:10","0058a00000LLuwkAAD","2023-04-30 12:53:10","99","OpportunityScore","0068a00001NV1p6AAD"
"66Z8a000000gCDvEAM","0","prevScoreValue","MXN","2023-04-29 03:59:06","0058a00000LLuwkAAD","2023-06-12 18:11:15","0058a00000LLuwkAAD","2023-06-12 18:11:15","19","OpportunityScore","0068a00001NWLmiAAH"
"66Z8a000000gCDwEAM","0","prevScoreValue","MXN","2023-04-29 03:59:06","0058a00000LLuwkAAD","2023-06-21 03:43:53","0058a00000LLuwkAAD","2023-06-21 03:43:53","2","OpportunityScore","0068a00001NWLnRAAX"
"66Z8a000000gCOIEA2","0","prevScoreValue","MXN","2023-05-05 08:45:11","0058a00000LLuwkAAD","2023-05-22 05:49:20","0058a00000LLuwkAAD","2023-05-22 05:49:20","42","OpportunityScore","0068a00001NXM2zAAH"
"66Z8a000000gCSBEA2","0","prevScoreValue","MXN","2023-05-09 06:48:29","0058a00000LLuwkAAD","2023-08-29 03:40:43","0058a00000LLuwkAAD","2023-08-29 03:40:43","10","OpportunityScore","0068a00001NXvx5AAD"
"66Z8a000000gCSCEA2","0","prevScoreValue","MXN","2023-05-09 06:48:29","0058a00000LLuwkAAD","2023-08-03 01:13:46","0058a00000LLuwkAAD","2023-08-03 01:13:46","2","OpportunityScore","0068a00001NXw9ZAAT"
"66Z8a000000gCSDEA2","0","prevScoreValue","MXN","2023-05-09 06:48:29","0058a00000LLuwkAAD","2023-05-09 06:48:29","0058a00000LLuwkAAD","2023-05-09 06:48:29","","OpportunityScore","0068a00001NXwEVAA1"
"66Z8a000000gCSEEA2","0","prevScoreValue","MXN","2023-05-09 06:48:29","0058a00000LLuwkAAD","2023-06-26 22:04:28","0058a00000LLuwkAAD","2023-06-26 22:04:28","2","OpportunityScore","0068a00001NXwEBAA1"
"66Z8a000000gCSFEA2","0","prevScoreValue","MXN","2023-05-09 06:48:29","0058a00000LLuwkAAD","2023-08-03 01:13:46","0058a00000LLuwkAAD","2023-08-03 01:13:46","8","OpportunityScore","0068a00001NXwK4AAL"
"66Z8a000000gCSGEA2","0","prevScoreValue","MXN","2023-05-09 06:48:29","0058a00000LLuwkAAD","2023-05-30 07:07:46","0058a00000LLuwkAAD","2023-05-30 07:07:46","3","OpportunityScore","0068a00001NXwC5AAL"
"66Z8a000000gCe0EAE","0","prevScoreValue","MXN","2023-05-13 02:49:24","0058a00000LLuwkAAD","2023-05-23 08:17:54","0058a00000LLuwkAAD","2023-05-23 08:17:54","3","OpportunityScore","0068a00001NYiRvAAL"
"66Z8a000000gCe1EAE","0","prevScoreValue","MXN","2023-05-13 02:49:24","0058a00000LLuwkAAD","2023-06-12 18:11:15","0058a00000LLuwkAAD","2023-06-12 18:11:15","3","OpportunityScore","0068a00001NYie0AAD"
"66Z8a000000gCe2EAE","0","prevScoreValue","MXN","2023-05-13 02:49:24","0058a00000LLuwkAAD","2023-05-26 01:58:50","0058a00000LLuwkAAD","2023-05-26 01:58:51","41","OpportunityScore","0068a00001NYidQAAT"
"66Z8a000000gCe3EAE","0","prevScoreValue","MXN","2023-05-13 02:49:24","0058a00000LLuwkAAD","2023-06-12 18:11:15","0058a00000LLuwkAAD","2023-06-12 18:11:15","4","OpportunityScore","0068a00001NYidRAAT"
"66Z8a000000gCe4EAE","0","prevScoreValue","MXN","2023-05-13 02:49:24","0058a00000LLuwkAAD","2023-05-29 22:26:54","0058a00000LLuwkAAD","2023-05-29 22:26:54","3","OpportunityScore","0068a00001NYiexAAD"
"66Z8a000000gCe5EAE","0","prevScoreValue","MXN","2023-05-13 02:49:24","0058a00000LLuwkAAD","2023-05-24 12:43:12","0058a00000LLuwkAAD","2023-05-24 12:43:12","40","OpportunityScore","0068a00001NYidzAAD"
"66Z8a000000gCe6EAE","0","prevScoreValue","MXN","2023-05-13 02:49:24","0058a00000LLuwkAAD","2023-06-12 18:11:15","0058a00000LLuwkAAD","2023-06-12 18:11:15","9","OpportunityScore","0068a00001NYiccAAD"
"66Z8a000000gChrEAE","0","prevScoreValue","MXN","2023-05-16 06:05:15","0058a00000LLuwkAAD","2023-05-22 05:49:20","0058a00000LLuwkAAD","2023-05-22 05:49:20","90","OpportunityScore","0068a00001NZ79aAAD"
"66Z8a000000gCj2EAE","0","prevScoreValue","MXN","2023-05-17 01:08:07","0058a00000LLuwkAAD","2023-05-22 05:49:20","0058a00000LLuwkAAD","2023-05-22 05:49:20","98","OpportunityScore","0068a00001NZBYeAAP"
"66Z8a000000gCnCEAU","0","prevScoreValue","MXN","2023-05-18 22:01:37","0058a00000LLuwkAAD","2023-05-26 21:27:09","0058a00000LLuwkAAD","2023-05-26 21:27:09","79","OpportunityScore","0068a00001NhyxTAAR"
"66Z8a000000gCnDEAU","0","prevScoreValue","MXN","2023-05-18 22:01:37","0058a00000LLuwkAAD","2023-08-20 03:57:10","0058a00000LLuwkAAD","2023-08-20 03:57:10","42","OpportunityScore","0068a00001Nhz29AAB"
"66Z8a000000gCofEAE","0","prevScoreValue","MXN","2023-05-19 04:26:07","0058a00000LLuwkAAD","2023-05-22 22:37:21","0058a00000LLuwkAAD","2023-05-22 22:37:21","76","OpportunityScore","0068a00001Ni5rEAAR"
"66Z8a000000gCogEAE","0","prevScoreValue","MXN","2023-05-19 04:26:07","0058a00000LLuwkAAD","2023-08-29 03:40:43","0058a00000LLuwkAAD","2023-08-29 03:40:43","10","OpportunityScore","0068a00001Ni5pwAAB"
"66Z8a000000gCulEAE","0","prevScoreValue","MXN","2023-05-22 22:37:21","0058a00000LLuwkAAD","2023-05-29 02:59:34","0058a00000LLuwkAAD","2023-05-29 02:59:34","84","OpportunityScore","0068a00001NigtbAAB"
"66Z8a000000gCzcEAE","0","prevScoreValue","MXN","2023-05-24 21:41:37","0058a00000LLuwkAAD","2023-08-03 01:13:46","0058a00000LLuwkAAD","2023-08-03 01:13:46","13","OpportunityScore","0068a00001Nj7OkAAJ"
"66Z8a000000gD5FEAU","0","prevScoreValue","MXN","2023-05-26 21:27:09","0058a00000LLuwkAAD","2023-08-29 21:01:42","0058a00000LLuwkAAD","2023-08-29 21:01:42","4","OpportunityScore","0068a00001NjRjDAAV"
"66Z8a000000gD5IEAU","0","prevScoreValue","MXN","2023-05-26 21:27:09","0058a00000LLuwkAAD","2023-07-15 03:17:00","0058a00000LLuwkAAD","2023-07-15 03:17:00","4","OpportunityScore","0068a00001NjSh2AAF"
"66Z8a000000gD5JEAU","0","prevScoreValue","MXN","2023-05-26 21:27:09","0058a00000LLuwkAAD","2023-08-03 01:13:46","0058a00000LLuwkAAD","2023-08-03 01:13:46","2","OpportunityScore","0068a00001NjRrpAAF"
"66Z8a000000gD7EEAU","0","prevScoreValue","MXN","2023-05-29 22:26:54","0058a00000LLuwkAAD","2023-06-12 18:11:15","0058a00000LLuwkAAD","2023-06-12 18:11:15","69","OpportunityScore","0068a00001NjuGIAAZ"
"66Z8a000000gD7GEAU","0","prevScoreValue","MXN","2023-05-29 22:26:54","0058a00000LLuwkAAD","2023-06-12 18:11:15","0058a00000LLuwkAAD","2023-06-12 18:11:15","47","OpportunityScore","0068a00001NjuGDAAZ"
"66Z8a000000gD7qEAE","0","prevScoreValue","MXN","2023-05-30 07:07:46","0058a00000LLuwkAAD","2023-05-30 07:07:46","0058a00000LLuwkAAD","2023-05-30 07:07:46","","OpportunityScore","0068a00001Njvn3AAB"
"66Z8a000000gD7rEAE","0","prevScoreValue","MXN","2023-05-30 07:07:46","0058a00000LLuwkAAD","2023-05-30 07:07:46","0058a00000LLuwkAAD","2023-05-30 07:07:46","","OpportunityScore","0068a00001NjvksAAB"
"66Z8a000000gD7sEAE","0","prevScoreValue","MXN","2023-05-30 07:07:46","0058a00000LLuwkAAD","2023-05-30 07:07:46","0058a00000LLuwkAAD","2023-05-30 07:07:46","","OpportunityScore","0068a00001NjvkxAAB"
"66Z8a000000kcZkEAI","0","prevScoreValue","MXN","2023-05-31 10:04:50","0058a00000LLuwkAAD","2023-07-14 00:55:20","0058a00000LLuwkAAD","2023-07-14 00:55:20","28","OpportunityScore","0068a00001Nk3ziAAB"
"66Z8a000000kcs0EAA","0","prevScoreValue","MXN","2023-06-02 01:05:44","0058a00000LLuwkAAD","2023-06-02 01:05:44","0058a00000LLuwkAAD","2023-06-02 01:05:44","","OpportunityScore","0068a00001MOStCAAX"
"66Z8a000000kcuNEAQ","0","prevScoreValue","MXN","2023-06-03 03:56:13","0058a00000LLuwkAAD","2023-06-23 03:25:25","0058a00000LLuwkAAD","2023-06-23 03:25:25","2","OpportunityScore","0068a00001MOeWCAA1"
"66Z8a000000kcuOEAQ","0","prevScoreValue","MXN","2023-06-03 03:56:13","0058a00000LLuwkAAD","2023-06-12 18:11:15","0058a00000LLuwkAAD","2023-06-12 18:11:15","50","OpportunityScore","0068a00001MOeZBAA1"
"66Z8a000000kcuPEAQ","0","prevScoreValue","MXN","2023-06-03 03:56:13","0058a00000LLuwkAAD","2023-07-08 21:27:46","0058a00000LLuwkAAD","2023-07-08 21:27:46","1","OpportunityScore","0068a00001MOeY3AAL"
"66Z8a000000kcuQEAQ","0","prevScoreValue","MXN","2023-06-03 03:56:13","0058a00000LLuwkAAD","2023-07-24 20:24:46","0058a00000LLuwkAAD","2023-07-24 20:24:46","9","OpportunityScore","0068a00001MOeX0AAL"
"66Z8a000000kcuREAQ","0","prevScoreValue","MXN","2023-06-03 03:56:13","0058a00000LLuwkAAD","2023-06-12 18:11:15","0058a00000LLuwkAAD","2023-06-12 18:11:15","56","OpportunityScore","0068a00001MOeVJAA1"
"66Z8a000000kcx6EAA","0","prevScoreValue","MXN","2023-06-05 22:33:42","0058a00000LLuwkAAD","2023-07-01 04:30:11","0058a00000LLuwkAAD","2023-07-01 04:30:11","48","OpportunityScore","0068a00001MP1vKAAT"
"66Z8a000000kcx7EAA","0","prevScoreValue","MXN","2023-06-05 22:33:42","0058a00000LLuwkAAD","2023-08-29 03:40:43","0058a00000LLuwkAAD","2023-08-29 03:40:43","65","OpportunityScore","0068a00001MP1xBAAT"
"66Z8a000000kcyBEAQ","0","prevScoreValue","MXN","2023-06-06 07:19:00","0058a00000LLuwkAAD","2023-06-06 07:19:00","0058a00000LLuwkAAD","2023-06-06 07:19:00","","OpportunityScore","0068a00001MP3yuAAD"
"66Z8a000000kcyCEAQ","0","prevScoreValue","MXN","2023-06-06 07:19:00","0058a00000LLuwkAAD","2023-06-06 07:19:00","0058a00000LLuwkAAD","2023-06-06 07:19:00","","OpportunityScore","0068a00001MP3ziAAD"
"66Z8a000000kczREAQ","0","prevScoreValue","MXN","2023-06-06 23:06:54","0058a00000LLuwkAAD","2023-06-06 23:06:54","0058a00000LLuwkAAD","2023-06-06 23:06:54","","OpportunityScore","0068a00001MPBysAAH"
"66Z8a000000kd7WEAQ","0","prevScoreValue","MXN","2023-06-10 00:11:51","0058a00000LLuwkAAD","2023-08-28 03:23:39","0058a00000LLuwkAAD","2023-08-28 03:23:39","48","OpportunityScore","0068a00001MPePnAAL"
"66Z8a000000kd7XEAQ","0","prevScoreValue","MXN","2023-06-10 00:11:51","0058a00000LLuwkAAD","2023-06-21 03:43:53","0058a00000LLuwkAAD","2023-06-21 03:43:53","3","OpportunityScore","0068a00001MPdG1AAL"
"66Z8a000000kd7YEAQ","0","prevScoreValue","MXN","2023-06-10 00:11:51","0058a00000LLuwkAAD","2023-07-28 01:52:34","0058a00000LLuwkAAD","2023-07-28 01:52:34","15","OpportunityScore","0068a00001MPeOuAAL"
"66Z8a000000kdB0EAI","0","prevScoreValue","MXN","2023-06-13 03:12:07","0058a00000LLuwkAAD","2023-08-29 03:40:43","0058a00000LLuwkAAD","2023-08-29 03:40:43","4","OpportunityScore","0068a00001MQ3hjAAD"
"66Z8a000000kdQdEAI","0","prevScoreValue","MXN","2023-06-16 19:24:45","0058a00000LLuwkAAD","2023-06-23 03:25:25","0058a00000LLuwkAAD","2023-06-23 03:25:25","37","OpportunityScore","0068a00001O3QGYAA3"
"66Z8a000000kdSaEAI","0","prevScoreValue","MXN","2023-06-20 03:00:58","0058a00000LLuwkAAD","2023-06-20 03:00:58","0058a00000LLuwkAAD","2023-06-20 03:00:58","","OpportunityScore","0068a00001O3v5wAAB"
"66Z8a000000kdSbEAI","0","prevScoreValue","MXN","2023-06-20 03:00:58","0058a00000LLuwkAAD","2023-08-15 02:56:02","0058a00000LLuwkAAD","2023-08-15 02:56:02","2","OpportunityScore","0068a00001O3w1MAAR"
"66Z8a000000kdScEAI","0","prevScoreValue","MXN","2023-06-20 03:00:58","0058a00000LLuwkAAD","2023-08-15 02:56:02","0058a00000LLuwkAAD","2023-08-15 02:56:02","3","OpportunityScore","0068a00001O3vxjAAB"
"66Z8a000000kdSdEAI","0","prevScoreValue","MXN","2023-06-20 03:00:58","0058a00000LLuwkAAD","2023-08-14 11:00:58","0058a00000LLuwkAAD","2023-08-14 11:00:58","88","OpportunityScore","0068a00001O3w7pAAB"
"66Z8a000000kdSeEAI","0","prevScoreValue","MXN","2023-06-20 03:00:58","0058a00000LLuwkAAD","2023-06-20 03:00:58","0058a00000LLuwkAAD","2023-06-20 03:00:58","","OpportunityScore","0068a00001O3w7oAAB"
"66Z8a000000kdnvEAA","0","prevScoreValue","MXN","2023-06-26 22:04:28","0058a00000LLuwkAAD","2023-07-27 19:35:24","0058a00000LLuwkAAD","2023-07-27 19:35:24","36","OpportunityScore","0068a00001O53liAAB"
"66Z8a000000kdnwEAA","0","prevScoreValue","MXN","2023-06-26 22:04:28","0058a00000LLuwkAAD","2023-07-24 20:24:46","0058a00000LLuwkAAD","2023-07-24 20:24:46","73","OpportunityScore","0068a00001O53ljAAB"
"66Z8a000000kdpWEAQ","0","prevScoreValue","MXN","2023-06-27 04:54:02","0058a00000LLuwkAAD","2023-07-25 04:48:42","0058a00000LLuwkAAD","2023-07-25 04:48:42","3","OpportunityScore","0068a00001O56MrAAJ"
"66Z8a000000kdtAEAQ","0","prevScoreValue","MXN","2023-06-28 20:04:41","0058a00000LLuwkAAD","2023-08-29 03:40:43","0058a00000LLuwkAAD","2023-08-29 03:40:43","14","OpportunityScore","0068a00001O5OoLAAV"
"66Z8a000000kdvGEAQ","0","prevScoreValue","MXN","2023-06-29 04:47:01","0058a00000LLuwkAAD","2023-08-24 03:52:50","0058a00000LLuwkAAD","2023-08-24 03:52:50","2","OpportunityScore","0068a00001O5RxeAAF"
"66Z8a000000kdwnEAA","0","prevScoreValue","MXN","2023-06-29 22:16:40","0058a00000LLuwkAAD","2023-08-01 00:59:42","0058a00000LLuwkAAD","2023-08-01 00:59:42","2","OpportunityScore","0068a00001O5ZX5AAN"
"66Z8a000000kdwpEAA","0","prevScoreValue","MXN","2023-06-29 22:16:40","0058a00000LLuwkAAD","2023-07-19 03:18:46","0058a00000LLuwkAAD","2023-07-19 03:18:46","6","OpportunityScore","0068a00001O5aSfAAJ"
"66Z8a000000kdwqEAA","0","prevScoreValue","MXN","2023-06-29 22:16:40","0058a00000LLuwkAAD","2023-08-05 02:21:45","0058a00000LLuwkAAD","2023-08-05 02:21:45","98","OpportunityScore","0068a00001O5aSuAAJ"
"66Z8a000000kdxXEAQ","0","prevScoreValue","MXN","2023-06-30 04:58:07","0058a00000LLuwkAAD","2023-06-30 04:58:07","0058a00000LLuwkAAD","2023-06-30 04:58:07","","OpportunityScore","0068a00001O5eL4AAJ"
"66Z8a000000kdxrEAA","0","prevScoreValue","MXN","2023-06-30 13:35:06","0058a00000LLuwkAAD","2023-06-30 13:35:06","0058a00000LLuwkAAD","2023-06-30 13:35:06","","OpportunityScore","0068a00001O5glJAAR"
"66Z8a000000kdyXEAQ","0","prevScoreValue","MXN","2023-06-30 20:38:04","0058a00000LLuwkAAD","2023-06-30 20:38:04","0058a00000LLuwkAAD","2023-06-30 20:38:04","","OpportunityScore","0068a00001O5l1OAAR"
"66Z8a000000kdyYEAQ","0","prevScoreValue","MXN","2023-06-30 20:38:04","0058a00000LLuwkAAD","2023-06-30 20:38:04","0058a00000LLuwkAAD","2023-06-30 20:38:04","","OpportunityScore","0068a00001O5l1NAAR"
"66Z8a000000ke1hEAA","0","prevScoreValue","MXN","2023-07-04 05:42:12","0058a00000LLuwkAAD","2023-08-14 11:00:58","0058a00000LLuwkAAD","2023-08-14 11:00:58","8","OpportunityScore","0068a00001O6G8OAAV"
"66Z8a000000ke4jEAA","0","prevScoreValue","MXN","2023-07-06 05:06:31","0058a00000LLuwkAAD","2023-08-03 01:13:46","0058a00000LLuwkAAD","2023-08-03 01:13:46","98","OpportunityScore","0068a00001O6ZaOAAV"
"66Z8a000000ke4kEAA","0","prevScoreValue","MXN","2023-07-06 05:06:31","0058a00000LLuwkAAD","2023-07-06 05:06:31","0058a00000LLuwkAAD","2023-07-06 05:06:31","","OpportunityScore","0068a00001O6ZaEAAV"
"66Z8a000000ke7KEAQ","0","prevScoreValue","MXN","2023-07-07 21:15:08","0058a00000LLuwkAAD","2023-07-11 23:29:41","0058a00000LLuwkAAD","2023-07-11 23:29:41","92","OpportunityScore","0068a00001O6uHqAAJ"
"66Z8a000000ke7LEAQ","0","prevScoreValue","MXN","2023-07-07 21:15:08","0058a00000LLuwkAAD","2023-08-31 00:51:39","0058a00000LLuwkAAD","2023-08-31 00:51:39","72","OpportunityScore","0068a00001O6uV4AAJ"
"66Z8a000000ke7MEAQ","0","prevScoreValue","MXN","2023-07-07 21:15:08","0058a00000LLuwkAAD","2023-08-06 02:59:44","0058a00000LLuwkAAD","2023-08-06 02:59:44","87","OpportunityScore","0068a00001O6uULAAZ"
"66Z8a000000ke7NEAQ","0","prevScoreValue","MXN","2023-07-07 21:15:08","0058a00000LLuwkAAD","2023-08-29 03:40:43","0058a00000LLuwkAAD","2023-08-29 03:40:43","18","OpportunityScore","0068a00001O6uWnAAJ"
"66Z8a000000ke7OEAQ","0","prevScoreValue","MXN","2023-07-07 21:15:08","0058a00000LLuwkAAD","2023-07-27 19:35:24","0058a00000LLuwkAAD","2023-07-27 19:35:24","28","OpportunityScore","0068a00001O6uWmAAJ"
"66Z8a000000ke7PEAQ","0","prevScoreValue","MXN","2023-07-07 21:15:08","0058a00000LLuwkAAD","2023-08-31 00:51:39","0058a00000LLuwkAAD","2023-08-31 00:51:39","58","OpportunityScore","0068a00001O6uWlAAJ"
"66Z8a000000ke8zEAA","0","prevScoreValue","MXN","2023-07-08 21:27:46","0058a00000LLuwkAAD","2023-08-12 05:52:58","0058a00000LLuwkAAD","2023-08-12 05:52:58","7","OpportunityScore","0068a00001O6jM9AAJ"
"66Z8a000000keHQEAY","0","prevScoreValue","MXN","2023-07-13 00:51:05","0058a00000LLuwkAAD","2023-07-23 20:20:40","0058a00000LLuwkAAD","2023-07-23 20:20:40","87","OpportunityScore","0068a00001OGEy6AAH"
"66Z8a000000keK1EAI","0","prevScoreValue","MXN","2023-07-14 00:55:20","0058a00000LLuwkAAD","2023-08-29 21:01:42","0058a00000LLuwkAAD","2023-08-29 21:01:42","2","OpportunityScore","0068a00001OGQtYAAX"
"66Z8a000000keLGEAY","0","prevScoreValue","MXN","2023-07-14 18:37:59","0058a00000LLuwkAAD","2023-07-14 18:37:59","0058a00000LLuwkAAD","2023-07-14 18:37:59","","OpportunityScore","0068a00001OGZgGAAX"
"66Z8a000000keLHEAY","0","prevScoreValue","MXN","2023-07-14 18:37:59","0058a00000LLuwkAAD","2023-08-03 01:13:46","0058a00000LLuwkAAD","2023-08-03 01:13:46","94","OpportunityScore","0068a00001OGZguAAH"
"66Z8a000000keLIEAY","0","prevScoreValue","MXN","2023-07-14 18:37:59","0058a00000LLuwkAAD","2023-08-29 03:40:43","0058a00000LLuwkAAD","2023-08-29 03:40:43","81","OpportunityScore","0068a00001OGZh9AAH"
"66Z8a000000keMMEAY","0","prevScoreValue","MXN","2023-07-15 03:17:00","0058a00000LLuwkAAD","2023-08-13 08:17:45","0058a00000LLuwkAAD","2023-08-13 08:17:45","5","OpportunityScore","0068a00001OGaAkAAL"
"66Z8a000000keMNEAY","0","prevScoreValue","MXN","2023-07-15 03:17:00","0058a00000LLuwkAAD","2023-07-15 03:17:00","0058a00000LLuwkAAD","2023-07-15 03:17:00","","OpportunityScore","0068a00001OGdtzAAD"
"66Z8a000000keMOEAY","0","prevScoreValue","MXN","2023-07-15 03:17:00","0058a00000LLuwkAAD","2023-08-13 08:17:45","0058a00000LLuwkAAD","2023-08-13 08:17:45","4","OpportunityScore","0068a00001OGaBEAA1"
"66Z8a000000keafEAA","0","prevScoreValue","MXN","2023-07-24 20:24:46","0058a00000LLuwkAAD","2023-08-03 01:13:46","0058a00000LLuwkAAD","2023-08-03 01:13:46","81","OpportunityScore","0068a00001OIuJoAAL"
"66Z8a000000keiqEAA","0","prevScoreValue","MXN","2023-07-27 19:35:24","0058a00000LLuwkAAD","2023-08-29 03:40:43","0058a00000LLuwkAAD","2023-08-29 03:40:43","3","OpportunityScore","0068a00001OIvnLAAT"
"66Z8a000000kelREAQ","0","prevScoreValue","MXN","2023-07-28 19:02:42","0058a00000LLuwkAAD","2023-08-29 03:40:43","0058a00000LLuwkAAD","2023-08-29 03:40:43","33","OpportunityScore","0068a00001OKGEeAAP"
"66Z8a000000kelSEAQ","0","prevScoreValue","MXN","2023-07-28 19:02:42","0058a00000LLuwkAAD","2023-08-29 03:40:43","0058a00000LLuwkAAD","2023-08-29 03:40:43","6","OpportunityScore","0068a00001OKGEfAAP"
"66Z8a000000kelTEAQ","0","prevScoreValue","MXN","2023-07-28 19:02:42","0058a00000LLuwkAAD","2023-08-21 05:16:01","0058a00000LLuwkAAD","2023-08-21 05:16:01","78","OpportunityScore","0068a00001OKGHiAAP"
"66Z8a000000kelUEAQ","0","prevScoreValue","MXN","2023-07-28 19:02:42","0058a00000LLuwkAAD","2023-08-28 03:23:39","0058a00000LLuwkAAD","2023-08-28 03:23:39","80","OpportunityScore","0068a00001OKGA8AAP"
"66Z8a000000keqlEAA","0","prevScoreValue","MXN","2023-08-01 00:59:42","0058a00000LLuwkAAD","2023-08-16 21:46:11","0058a00000LLuwkAAD","2023-08-16 21:46:11","46","OpportunityScore","0068a00001OKpu9AAD"
"66Z8a000000kf0pEAA","0","prevScoreValue","MXN","2023-08-04 17:59:23","0058a00000LLuwkAAD","2023-08-12 05:52:58","0058a00000LLuwkAAD","2023-08-12 05:52:58","95","OpportunityScore","0068a00001OLcaEAAT"
"66Z8a000000kf1oEAA","0","prevScoreValue","MXN","2023-08-05 02:21:45","0058a00000LLuwkAAD","2023-08-16 21:46:11","0058a00000LLuwkAAD","2023-08-16 21:46:11","67","OpportunityScore","0068a00001OLdiOAAT"
"66Z8a000000kf4ZEAQ","0","prevScoreValue","MXN","2023-08-07 22:56:47","0058a00000LLuwkAAD","2023-08-07 22:56:47","0058a00000LLuwkAAD","2023-08-07 22:56:47","","OpportunityScore","0068a00001OMDGMAA5"
"66Z8a000000kf4aEAA","0","prevScoreValue","MXN","2023-08-07 22:56:47","0058a00000LLuwkAAD","2023-08-07 22:56:47","0058a00000LLuwkAAD","2023-08-07 22:56:47","","OpportunityScore","0068a00001OMDJkAAP"
"66Z8a000000kf4bEAA","0","prevScoreValue","MXN","2023-08-07 22:56:47","0058a00000LLuwkAAD","2023-08-07 22:56:47","0058a00000LLuwkAAD","2023-08-07 22:56:47","","OpportunityScore","0068a00001OMDHjAAP"
"66Z8a000000kfENEAY","0","prevScoreValue","MXN","2023-08-10 03:41:20","0058a00000LLuwkAAD","2023-08-29 03:40:43","0058a00000LLuwkAAD","2023-08-29 03:40:43","41","OpportunityScore","0068a00001OMgvWAAT"
"66Z8a000000kfEOEAY","0","prevScoreValue","MXN","2023-08-10 03:41:20","0058a00000LLuwkAAD","2023-08-22 03:27:58","0058a00000LLuwkAAD","2023-08-22 03:27:58","89","OpportunityScore","0068a00001OMgrUAAT"
"66Z8a000000kfEPEAY","0","prevScoreValue","MXN","2023-08-10 03:41:20","0058a00000LLuwkAAD","2023-08-29 03:40:43","0058a00000LLuwkAAD","2023-08-29 03:40:43","40","OpportunityScore","0068a00001OMgr6AAD"
"66Z8a000000kfEQEAY","0","prevScoreValue","MXN","2023-08-10 03:41:20","0058a00000LLuwkAAD","2023-08-29 03:40:43","0058a00000LLuwkAAD","2023-08-29 03:40:43","40","OpportunityScore","0068a00001OMgvvAAD"
"66Z8a000000kfJAEAY","0","prevScoreValue","MXN","2023-08-12 05:52:58","0058a00000LLuwkAAD","2023-08-12 05:52:58","0058a00000LLuwkAAD","2023-08-12 05:52:58","","OpportunityScore","0068a00001ON0tMAAT"
"66Z8a000000kfJBEAY","0","prevScoreValue","MXN","2023-08-12 05:52:58","0058a00000LLuwkAAD","2023-08-29 03:40:43","0058a00000LLuwkAAD","2023-08-29 03:40:43","42","OpportunityScore","0068a00001ON0tCAAT"
"66Z8a000000kfMKEAY","0","prevScoreValue","MXN","2023-08-15 02:56:01","0058a00000LLuwkAAD","2023-08-15 02:56:01","0058a00000LLuwkAAD","2023-08-15 02:56:01","","OpportunityScore","0068a00001ONYBYAA5"
"66Z8a000000kfMLEAY","0","prevScoreValue","MXN","2023-08-15 02:56:01","0058a00000LLuwkAAD","2023-08-15 02:56:01","0058a00000LLuwkAAD","2023-08-15 02:56:01","","OpportunityScore","0068a00001ONYBOAA5"
"66Z8a000000kfMMEAY","0","prevScoreValue","MXN","2023-08-15 02:56:01","0058a00000LLuwkAAD","2023-08-15 02:56:01","0058a00000LLuwkAAD","2023-08-15 02:56:01","","OpportunityScore","0068a00001ONZTYAA5"
"66Z8a000000kfMNEAY","0","prevScoreValue","MXN","2023-08-15 02:56:01","0058a00000LLuwkAAD","2023-08-29 03:40:43","0058a00000LLuwkAAD","2023-08-29 03:40:43","63","OpportunityScore","0068a00001ONYsNAAX"
"66Z8a000000kfMOEAY","0","prevScoreValue","MXN","2023-08-15 02:56:01","0058a00000LLuwkAAD","2023-08-29 03:40:43","0058a00000LLuwkAAD","2023-08-29 03:40:43","98","OpportunityScore","0068a00001ONam7AAD"
"66Z8a000000kfMPEAY","0","prevScoreValue","MXN","2023-08-15 02:56:01","0058a00000LLuwkAAD","2023-08-29 03:40:43","0058a00000LLuwkAAD","2023-08-29 03:40:43","65","OpportunityScore","0068a00001ONYtkAAH"
"66Z8a000000kfMREAY","0","prevScoreValue","MXN","2023-08-15 02:56:01","0058a00000LLuwkAAD","2023-08-31 00:51:39","0058a00000LLuwkAAD","2023-08-31 00:51:39","52","OpportunityScore","0068a00001ONYpeAAH"
"66Z8a000000kfMSEAY","0","prevScoreValue","MXN","2023-08-15 02:56:01","0058a00000LLuwkAAD","2023-08-31 00:51:39","0058a00000LLuwkAAD","2023-08-31 00:51:39","90","OpportunityScore","0068a00001ONYgrAAH"
"66Z8a000000kfMUEAY","0","prevScoreValue","MXN","2023-08-15 02:56:01","0058a00000LLuwkAAD","2023-08-29 03:40:43","0058a00000LLuwkAAD","2023-08-29 03:40:43","65","OpportunityScore","0068a00001ONYswAAH"
"66Z8a000000kfMVEAY","0","prevScoreValue","MXN","2023-08-15 02:56:01","0058a00000LLuwkAAD","2023-08-15 02:56:01","0058a00000LLuwkAAD","2023-08-15 02:56:01","","OpportunityScore","0068a00001ONaYKAA1"
"66Z8a000000kfMWEAY","0","prevScoreValue","MXN","2023-08-15 02:56:01","0058a00000LLuwkAAD","2023-08-31 00:51:39","0058a00000LLuwkAAD","2023-08-31 00:51:39","27","OpportunityScore","0068a00001ONYwuAAH"
"66Z8a000000kfMXEAY","0","prevScoreValue","MXN","2023-08-15 02:56:01","0058a00000LLuwkAAD","2023-08-29 03:40:43","0058a00000LLuwkAAD","2023-08-29 03:40:43","56","OpportunityScore","0068a00001ONYwtAAH"
"66Z8a000000kfNaEAI","0","prevScoreValue","MXN","2023-08-15 20:46:32","0058a00000LLuwkAAD","2023-08-15 20:46:32","0058a00000LLuwkAAD","2023-08-15 20:46:32","","OpportunityScore","0068a00001ONjaVAAT"
"66Z8a000000kfVDEAY","0","prevScoreValue","MXN","2023-08-18 17:56:45","0058a00000LLuwkAAD","2023-08-29 03:40:43","0058a00000LLuwkAAD","2023-08-29 03:40:43","61","OpportunityScore","0068a00001OavFwAAJ"
"66Z8a000000kfVEEAY","0","prevScoreValue","MXN","2023-08-18 17:56:45","0058a00000LLuwkAAD","2023-08-25 06:48:30","0058a00000LLuwkAAD","2023-08-25 06:48:30","84","OpportunityScore","0068a00001OavFuAAJ"
"66Z8a000000kfVFEAY","0","prevScoreValue","MXN","2023-08-18 17:56:45","0058a00000LLuwkAAD","2023-08-29 03:40:43","0058a00000LLuwkAAD","2023-08-29 03:40:43","82","OpportunityScore","0068a00001OavHvAAJ"
"66Z8a000000kfVGEAY","0","prevScoreValue","MXN","2023-08-18 17:56:45","0058a00000LLuwkAAD","2023-08-29 03:40:43","0058a00000LLuwkAAD","2023-08-29 03:40:43","82","OpportunityScore","0068a00001OavJNAAZ"
"66Z8a000000kfVHEAY","0","prevScoreValue","MXN","2023-08-18 17:56:45","0058a00000LLuwkAAD","2023-08-25 06:48:30","0058a00000LLuwkAAD","2023-08-25 06:48:30","71","OpportunityScore","0068a00001OavGJAAZ"
"66Z8a000000kfVIEAY","0","prevScoreValue","MXN","2023-08-18 17:56:45","0058a00000LLuwkAAD","2023-08-18 17:56:45","0058a00000LLuwkAAD","2023-08-18 17:56:45","","OpportunityScore","0068a00001OavDjAAJ"
"66Z8a000000kfVJEAY","0","prevScoreValue","MXN","2023-08-18 17:56:45","0058a00000LLuwkAAD","2023-08-29 03:40:43","0058a00000LLuwkAAD","2023-08-29 03:40:43","54","OpportunityScore","0068a00001OavL9AAJ"
"66Z8a000000kgDvEAI","0","prevScoreValue","MXN","2023-08-22 03:27:58","0058a00000LLuwkAAD","2023-08-29 03:40:43","0058a00000LLuwkAAD","2023-08-29 03:40:43","99","OpportunityScore","0068a00001Obie1AAB"
"66Z8a000000kgDwEAI","0","prevScoreValue","MXN","2023-08-22 03:27:58","0058a00000LLuwkAAD","2023-08-31 00:51:39","0058a00000LLuwkAAD","2023-08-31 00:51:39","72","OpportunityScore","0068a00001ObicyAAB"
"66Z8a000000kgDxEAI","0","prevScoreValue","MXN","2023-08-22 03:27:58","0058a00000LLuwkAAD","2023-08-29 03:40:43","0058a00000LLuwkAAD","2023-08-29 03:40:43","97","OpportunityScore","0068a00001Obk3KAAR"
"66Z8a000000kgqLEAQ","0","prevScoreValue","MXN","2023-08-25 22:12:51","0058a00000LLuwkAAD","2023-08-29 03:40:43","0058a00000LLuwkAAD","2023-08-29 03:40:43","95","OpportunityScore","0068a00001OcZWGAA3"
"66Z8a000000kgqMEAQ","0","prevScoreValue","MXN","2023-08-25 22:12:51","0058a00000LLuwkAAD","2023-08-29 03:40:43","0058a00000LLuwkAAD","2023-08-29 03:40:43","64","OpportunityScore","0068a00001OcZbVAAV"
"66Z8a000000kgqNEAQ","0","prevScoreValue","MXN","2023-08-25 22:12:51","0058a00000LLuwkAAD","2023-08-25 22:12:51","0058a00000LLuwkAAD","2023-08-25 22:12:51","","OpportunityScore","0068a00001OcYs6AAF"
"66Z8a000000kgqOEAQ","0","prevScoreValue","MXN","2023-08-25 22:12:51","0058a00000LLuwkAAD","2023-08-29 03:40:43","0058a00000LLuwkAAD","2023-08-29 03:40:43","77","OpportunityScore","0068a00001OcZZeAAN"
"66Z8a000000kgqPEAQ","0","prevScoreValue","MXN","2023-08-25 22:12:51","0058a00000LLuwkAAD","2023-08-29 03:40:43","0058a00000LLuwkAAD","2023-08-29 03:40:43","92","OpportunityScore","0068a00001OcZWaAAN"
"66Z8a000000kiRDEAY","0","prevScoreValue","MXN","2023-08-29 21:01:42","0058a00000LLuwkAAD","2023-08-29 21:01:42","0058a00000LLuwkAAD","2023-08-29 21:01:42","","OpportunityScore","0068a00001OdKBcAAN"
"66Z8a000000kiREEAY","0","prevScoreValue","MXN","2023-08-29 21:01:42","0058a00000LLuwkAAD","2023-08-29 21:01:42","0058a00000LLuwkAAD","2023-08-29 21:01:42","","OpportunityScore","0068a00001OdKQ2AAN"
"66Z8a000000kiRFEAY","0","prevScoreValue","MXN","2023-08-29 21:01:42","0058a00000LLuwkAAD","2023-08-29 21:01:42","0058a00000LLuwkAAD","2023-08-29 21:01:42","","OpportunityScore","0068a00001OdKBbAAN"
"66Z8a000000kiRGEAY","0","prevScoreValue","MXN","2023-08-29 21:01:42","0058a00000LLuwkAAD","2023-08-29 21:01:42","0058a00000LLuwkAAD","2023-08-29 21:01:42","","OpportunityScore","0068a00001OdKN8AAN"
